<?xml version="1.0" encoding="UTF-8"?>
<adhocDataView exportedWithPermissions="true">
    <folder>/organizations/Southwest/BagCentral/AdHocViews/06_LZ_UnassignedFiles</folder>
    <name>Data</name>
    <version>2</version>
    <label>Data</label>
    <description></description>
    <creationDate>2019-01-25T07:42:07.975Z</creationDate>
    <updateDate>2019-01-25T07:48:02.151Z</updateDate>
    <dataSource>
        <uri>/organizations/Southwest/BagCentral/Datasource/WN_DataSource</uri>
    </dataSource>
    <inputControl>
        <localResource
            xmlns:xsi="http://www.w3.org/2001/XMLSchema-instance"
            exportedWithPermissions="false" xsi:type="inputControl">
            <folder>/organizations/Southwest/BagCentral/AdHocViews/06_LZ_UnassignedFiles/Data_files</folder>
            <name>Description_1</name>
            <version>1</version>
            <label>Description</label>
            <creationDate>2019-01-25T07:48:02.151Z</creationDate>
            <updateDate>2019-01-25T07:48:02.151Z</updateDate>
            <type>7</type>
            <mandatory>false</mandatory>
            <readOnly>false</readOnly>
            <visible>true</visible>
            <query>
                <localResource exportedWithPermissions="false" xsi:type="query">
                    <folder>/organizations/Southwest/BagCentral/AdHocViews/06_LZ_UnassignedFiles/Data_files/Description_1_files</folder>
                    <name>Description_1</name>
                    <version>0</version>
                    <label>Description</label>
                    <creationDate>2019-01-25T07:48:02.151Z</creationDate>
                    <updateDate>2019-01-25T07:48:02.151Z</updateDate>
                    <language>domain</language>
                    <queryString>&lt;?xml version="1.0" encoding="UTF-8"?&gt;
&lt;query xmlns="http://www.jaspersoft.com/2007/SL/XMLSchema"&gt;
  &lt;groupList&gt;
    &lt;group columnName="Description" /&gt;
  &lt;/groupList&gt;
  &lt;queryFields&gt;
    &lt;queryField id="Description" resourceId="Description" /&gt;
    &lt;queryField id="createdate" resourceId="createdate" /&gt;
    &lt;queryField id="Incident_ID" resourceId="Incident_ID" /&gt;
  &lt;/queryFields&gt;
  &lt;resources&gt;
    &lt;memory id="default"&gt;
      &lt;fieldList&gt;
        &lt;field id="Incident_ID" type="java.lang.String"&gt;
          &lt;propertyMap&gt;
            &lt;entry key="adhoc.expression" /&gt;
          &lt;/propertyMap&gt;
        &lt;/field&gt;
        &lt;field id="createdate" type="java.sql.Date"&gt;
          &lt;propertyMap&gt;
            &lt;entry key="adhoc.expression" /&gt;
          &lt;/propertyMap&gt;
        &lt;/field&gt;
        &lt;field id="Description" type="java.lang.String" /&gt;
      &lt;/fieldList&gt;
      &lt;source&gt;
        &lt;jrQueryDataSet datasourceId="WN_DataSource" maxRows="200001" queryLanguage="SQL"&gt;
          &lt;fieldList&gt;
            &lt;field id="Incident_ID" type="java.lang.String"&gt;
              &lt;propertyMap&gt;
                &lt;entry key="aggregateExpression"&gt;
                  &lt;string&gt;CountAll(Incident_ID)&lt;/string&gt;
                &lt;/entry&gt;
                &lt;entry key="adhoc.display"&gt;
                  &lt;string&gt;Incident_ID&lt;/string&gt;
                &lt;/entry&gt;
                &lt;entry key="com.jaspersoft.studio.field.label"&gt;
                  &lt;string&gt;Incident_ID&lt;/string&gt;
                &lt;/entry&gt;
                &lt;entry key="defaultAgg"&gt;
                  &lt;string&gt;CountAll&lt;/string&gt;
                &lt;/entry&gt;
                &lt;entry key="kind"&gt;
                  &lt;string&gt;DIMENSION&lt;/string&gt;
                &lt;/entry&gt;
                &lt;entry key="jr.description" /&gt;
                &lt;entry key="defaultMaskId" /&gt;
                &lt;entry key="defaultMask" /&gt;
                &lt;entry key="com.jaspersoft.studio.field.tree.path"&gt;
                  &lt;string&gt;incident&lt;/string&gt;
                &lt;/entry&gt;
                &lt;entry key="aggregateType"&gt;
                  &lt;string&gt;java.lang.Long&lt;/string&gt;
                &lt;/entry&gt;
              &lt;/propertyMap&gt;
            &lt;/field&gt;
            &lt;field id="createdate" type="java.sql.Date"&gt;
              &lt;propertyMap&gt;
                &lt;entry key="aggregateExpression"&gt;
                  &lt;string&gt;CountAll(createdate)&lt;/string&gt;
                &lt;/entry&gt;
                &lt;entry key="adhoc.display"&gt;
                  &lt;string&gt;createdate&lt;/string&gt;
                &lt;/entry&gt;
                &lt;entry key="com.jaspersoft.studio.field.label"&gt;
                  &lt;string&gt;createdate&lt;/string&gt;
                &lt;/entry&gt;
                &lt;entry key="defaultAgg"&gt;
                  &lt;string&gt;CountAll&lt;/string&gt;
                &lt;/entry&gt;
                &lt;entry key="kind"&gt;
                  &lt;string&gt;DIMENSION&lt;/string&gt;
                &lt;/entry&gt;
                &lt;entry key="jr.description" /&gt;
                &lt;entry key="defaultMaskId"&gt;
                  &lt;string&gt;ADH_100_MASK_date_0&lt;/string&gt;
                &lt;/entry&gt;
                &lt;entry key="defaultMask"&gt;
                  &lt;string&gt;medium,hide&lt;/string&gt;
                &lt;/entry&gt;
                &lt;entry key="com.jaspersoft.studio.field.tree.path"&gt;
                  &lt;string&gt;incident&lt;/string&gt;
                &lt;/entry&gt;
                &lt;entry key="aggregateType"&gt;
                  &lt;string&gt;java.lang.Long&lt;/string&gt;
                &lt;/entry&gt;
              &lt;/propertyMap&gt;
            &lt;/field&gt;
            &lt;field id="Description" type="java.lang.String"&gt;
              &lt;propertyMap&gt;
                &lt;entry key="aggregateExpression"&gt;
                  &lt;string&gt;CountAll(Description)&lt;/string&gt;
                &lt;/entry&gt;
                &lt;entry key="adhoc.display"&gt;
                  &lt;string&gt;Description&lt;/string&gt;
                &lt;/entry&gt;
                &lt;entry key="com.jaspersoft.studio.field.label"&gt;
                  &lt;string&gt;Description&lt;/string&gt;
                &lt;/entry&gt;
                &lt;entry key="defaultAgg"&gt;
                  &lt;string&gt;CountAll&lt;/string&gt;
                &lt;/entry&gt;
                &lt;entry key="kind"&gt;
                  &lt;string&gt;DIMENSION&lt;/string&gt;
                &lt;/entry&gt;
                &lt;entry key="jr.description" /&gt;
                &lt;entry key="defaultMaskId" /&gt;
                &lt;entry key="defaultMask" /&gt;
                &lt;entry key="aggregateType"&gt;
                  &lt;string&gt;java.lang.Long&lt;/string&gt;
                &lt;/entry&gt;
              &lt;/propertyMap&gt;
            &lt;/field&gt;
          &lt;/fieldList&gt;
          &lt;dsReferenceURI&gt;/adhoc/topics/BagCentral/06_LZ_UnassignedFiles&lt;/dsReferenceURI&gt;
          &lt;query&gt;select i.Incident_ID, i.createdate, (select status.description from status where status.Status_ID = i.status_ID) as Description from incident i
  where i.stationassigned_ID = '6'
  and i.agentassigned_ID is null
  and (select count(*) from incident_activity a
        where a.incident = i.Incident_ID 
        and a.activity in ('5','6','14','17','24','27','38','44','46','47','60','80','85','87','90','1200')) &amp;gt; 0
        order by i.createdate&lt;/query&gt;
        &lt;/jrQueryDataSet&gt;
      &lt;/source&gt;
    &lt;/memory&gt;
  &lt;/resources&gt;
&lt;/query&gt;

</queryString>
                    <dataSource>
                        <uri>/organizations/Southwest/BagCentral/Datasource/WN_DataSource</uri>
                    </dataSource>
                </localResource>
            </query>
            <queryVisibleColumn>Description</queryVisibleColumn>
            <queryValueColumn>Description</queryValueColumn>
        </localResource>
    </inputControl>
    <inputControl>
        <localResource
            xmlns:xsi="http://www.w3.org/2001/XMLSchema-instance"
            exportedWithPermissions="false" xsi:type="inputControl">
            <folder>/organizations/Southwest/BagCentral/AdHocViews/06_LZ_UnassignedFiles/Data_files</folder>
            <name>createdate_1</name>
            <version>1</version>
            <label>createdate between</label>
            <creationDate>2019-01-25T07:48:02.151Z</creationDate>
            <updateDate>2019-01-25T07:48:02.151Z</updateDate>
            <type>2</type>
            <mandatory>false</mandatory>
            <readOnly>false</readOnly>
            <visible>true</visible>
            <dataType>
                <localResource exportedWithPermissions="false" xsi:type="dataType">
                    <folder>/organizations/Southwest/BagCentral/AdHocViews/06_LZ_UnassignedFiles/Data_files/createdate_1_files</folder>
                    <name>date</name>
                    <version>0</version>
                    <label>Date</label>
                    <creationDate>2019-01-25T07:48:02.151Z</creationDate>
                    <updateDate>2019-01-25T07:48:02.151Z</updateDate>
                    <type>3</type>
                    <strictMin>false</strictMin>
                    <strictMax>false</strictMax>
                </localResource>
            </dataType>
        </localResource>
    </inputControl>
    <inputControl>
        <localResource
            xmlns:xsi="http://www.w3.org/2001/XMLSchema-instance"
            exportedWithPermissions="false" xsi:type="inputControl">
            <folder>/organizations/Southwest/BagCentral/AdHocViews/06_LZ_UnassignedFiles/Data_files</folder>
            <name>createdate_2</name>
            <version>1</version>
            <label>and</label>
            <creationDate>2019-01-25T07:48:02.151Z</creationDate>
            <updateDate>2019-01-25T07:48:02.151Z</updateDate>
            <type>2</type>
            <mandatory>false</mandatory>
            <readOnly>false</readOnly>
            <visible>true</visible>
            <dataType>
                <localResource exportedWithPermissions="false" xsi:type="dataType">
                    <folder>/organizations/Southwest/BagCentral/AdHocViews/06_LZ_UnassignedFiles/Data_files/createdate_2_files</folder>
                    <name>date</name>
                    <version>0</version>
                    <label>Date</label>
                    <creationDate>2019-01-25T07:48:02.151Z</creationDate>
                    <updateDate>2019-01-25T07:48:02.151Z</updateDate>
                    <type>3</type>
                    <strictMin>false</strictMin>
                    <strictMax>false</strictMax>
                </localResource>
            </dataType>
        </localResource>
    </inputControl>
    <resource>
        <localResource
            xmlns:xsi="http://www.w3.org/2001/XMLSchema-instance"
            exportedWithPermissions="false" dataFile="topicJRXML.data" xsi:type="fileResource">
            <folder>/organizations/Southwest/BagCentral/AdHocViews/06_LZ_UnassignedFiles/Data_files</folder>
            <name>topicJRXML</name>
            <version>2</version>
            <label>topicJRXML</label>
            <creationDate>2019-01-25T07:42:07.975Z</creationDate>
            <updateDate>2019-01-25T07:42:07.975Z</updateDate>
            <fileType>jrxml</fileType>
        </localResource>
    </resource>
    <resource>
        <localResource
            xmlns:xsi="http://www.w3.org/2001/XMLSchema-instance"
            exportedWithPermissions="false" dataFile="stateXML.data" xsi:type="fileResource">
            <folder>/organizations/Southwest/BagCentral/AdHocViews/06_LZ_UnassignedFiles/Data_files</folder>
            <name>stateXML</name>
            <version>2</version>
            <label>stateXML</label>
            <creationDate>2019-01-25T07:42:07.975Z</creationDate>
            <updateDate>2019-01-25T07:42:07.975Z</updateDate>
            <fileType>xml</fileType>
        </localResource>
    </resource>
    <reports>
        <localResource
            xmlns:xsi="http://www.w3.org/2001/XMLSchema-instance"
            exportedWithPermissions="false" xsi:type="reportUnit">
            <folder>/organizations/Southwest/BagCentral/AdHocViews/06_LZ_UnassignedFiles/Data_files</folder>
            <name>dashboardReport</name>
            <version>0</version>
            <label>dashboardReport</label>
            <creationDate>2019-01-25T07:48:02.151Z</creationDate>
            <updateDate>2019-01-25T07:48:02.151Z</updateDate>
            <mainReport>
                <localResource exportedWithPermissions="false"
                    dataFile="mainReportJrxml.data" xsi:type="fileResource">
                    <folder>/organizations/Southwest/BagCentral/AdHocViews/06_LZ_UnassignedFiles/Data_files/dashboardReport_files</folder>
                    <name>mainReportJrxml</name>
                    <version>0</version>
                    <label>mainReportJrxml</label>
                    <creationDate>2019-01-25T07:48:02.151Z</creationDate>
                    <updateDate>2019-01-25T07:48:02.151Z</updateDate>
                    <fileType>jrxml</fileType>
                </localResource>
            </mainReport>
            <resource>
                <localResource exportedWithPermissions="false"
                    dataFile="stateXML.data" xsi:type="fileResource">
                    <folder>/organizations/Southwest/BagCentral/AdHocViews/06_LZ_UnassignedFiles/Data_files/dashboardReport_files</folder>
                    <name>stateXML</name>
                    <version>0</version>
                    <label>stateXML</label>
                    <creationDate>2019-01-25T07:48:02.151Z</creationDate>
                    <updateDate>2019-01-25T07:48:02.151Z</updateDate>
                    <fileType>xml</fileType>
                </localResource>
            </resource>
            <alwaysPromptControls>true</alwaysPromptControls>
            <controlsLayout>1</controlsLayout>
        </localResource>
    </reports>
    <alwaysPromptControls>true</alwaysPromptControls>
    <controlsLayout>1</controlsLayout>
</adhocDataView>
