<?xml version="1.0" encoding="UTF-8"?>
<folder exportedWithPermissions="true">
    <parent>/organizations/Southwest/CBS</parent>
    <name>Ad_Hocs</name>
    <label>Ad Hocs</label>
    <description></description>
    <creationDate>2019-05-02T20:03:05.063Z</creationDate>
    <updateDate>2019-05-02T20:03:05.063Z</updateDate>
    <resource>ACAA_Courtesy_Payouts</resource>
    <resource>Bags_by_IATA_Type</resource>
    <resource>Inbound_Claims_by_Type___This_Year_vs__Last_Year</resource>
    <resource>Inbound_Claims_by_Type___This_Year_vs__Last_Year_test</resource>
    <resource>Inbound_Claims_by_Type_1</resource>
    <resource>Incident_And_Payout_Information_Detailed</resource>
    <resource>Incidents_and_Payouts</resource>
    <resource>Incidents_That_Became_Claims__by_Month_</resource>
    <resource>Incidents_That_Became_Claims__by_Month__Report</resource>
    <resource>Incidents_That_Became_Claims__by_Month__Report__Scheduled_</resource>
    <resource>NOT_COMPLETE__Time_to_Close_Incident_from_Activity</resource>
    <resource>Number_of_Closed_Claims_Per_Group</resource>
    <resource>PB_Inbound_Claims_by_Type___This_Year_vs__Last_Year</resource>
    <resource>PB_Incidents_and_Payouts</resource>
    <resource>PB_Incidents_That_Became_Claims__by_Month_</resource>
    <resource>PB_Incidents_That_Became_Claims__by_Month__Report</resource>
    <resource>PB_Station_Stock</resource>
    <resource>PB1_Inbound_Claims_by_Type___This_Year_vs__Last_Year</resource>
    <resource>Station_Tradeout_Items_Report</resource>
</folder>
