<?xml version="1.0" encoding="UTF-8"?>
<adhocDataView exportedWithPermissions="true">
    <folder>/organizations/Southwest/CBS/Ad_Hocs</folder>
    <name>ACAA_Courtesy_Payouts</name>
    <version>1</version>
    <label>ACAA Courtesy Payouts</label>
    <description>Displays the number of ACAA courtesy payouts by station</description>
    <creationDate>2019-05-02T20:03:55.000Z</creationDate>
    <updateDate>2019-05-02T20:05:09.407Z</updateDate>
    <dataSource>
        <uri>/organizations/Southwest/CBS/Wheelchair_Data</uri>
    </dataSource>
    <resource>
        <localResource
            xmlns:xsi="http://www.w3.org/2001/XMLSchema-instance"
            exportedWithPermissions="false" dataFile="topicJRXML.data" xsi:type="fileResource">
            <folder>/organizations/Southwest/CBS/Ad_Hocs/ACAA_Courtesy_Payouts_files</folder>
            <name>topicJRXML</name>
            <version>0</version>
            <label>topicJRXML</label>
            <creationDate>2019-05-02T20:03:55.000Z</creationDate>
            <updateDate>2019-05-02T20:03:55.000Z</updateDate>
            <fileType>jrxml</fileType>
        </localResource>
    </resource>
    <resource>
        <localResource
            xmlns:xsi="http://www.w3.org/2001/XMLSchema-instance"
            exportedWithPermissions="false" dataFile="stateXML.data" xsi:type="fileResource">
            <folder>/organizations/Southwest/CBS/Ad_Hocs/ACAA_Courtesy_Payouts_files</folder>
            <name>stateXML</name>
            <version>1</version>
            <label>stateXML</label>
            <creationDate>2019-05-02T20:03:55.000Z</creationDate>
            <updateDate>2019-05-02T20:03:55.000Z</updateDate>
            <fileType>xml</fileType>
        </localResource>
    </resource>
    <alwaysPromptControls>false</alwaysPromptControls>
    <controlsLayout>1</controlsLayout>
</adhocDataView>
