<?xml version="1.0" encoding="UTF-8"?>
<adhocDataView exportedWithPermissions="true">
    <folder>/organizations/Southwest/CBS/Ad_Hocs</folder>
    <name>Bags_by_IATA_Type</name>
    <version>0</version>
    <label>Bags by IATA Type</label>
    <description>Summary of mishandled bags by IATA code</description>
    <creationDate>2019-05-28T22:10:08.916Z</creationDate>
    <updateDate>2019-05-28T22:10:08.916Z</updateDate>
    <dataSource>
        <uri>/organizations/Southwest/CBS/Domains/Incident_Bag_Data</uri>
    </dataSource>
    <resource>
        <localResource
            xmlns:xsi="http://www.w3.org/2001/XMLSchema-instance"
            exportedWithPermissions="false" dataFile="topicJRXML.data" xsi:type="fileResource">
            <folder>/organizations/Southwest/CBS/Ad_Hocs/Bags_by_IATA_Type_files</folder>
            <name>topicJRXML</name>
            <version>0</version>
            <label>topicJRXML</label>
            <creationDate>2019-05-28T22:10:08.916Z</creationDate>
            <updateDate>2019-05-28T22:10:08.916Z</updateDate>
            <fileType>jrxml</fileType>
        </localResource>
    </resource>
    <resource>
        <localResource
            xmlns:xsi="http://www.w3.org/2001/XMLSchema-instance"
            exportedWithPermissions="false" dataFile="stateXML.data" xsi:type="fileResource">
            <folder>/organizations/Southwest/CBS/Ad_Hocs/Bags_by_IATA_Type_files</folder>
            <name>stateXML</name>
            <version>0</version>
            <label>stateXML</label>
            <creationDate>2019-05-28T22:10:08.916Z</creationDate>
            <updateDate>2019-05-28T22:10:08.916Z</updateDate>
            <fileType>xml</fileType>
        </localResource>
    </resource>
    <alwaysPromptControls>false</alwaysPromptControls>
    <controlsLayout>1</controlsLayout>
</adhocDataView>
