<?xml version="1.0" encoding="UTF-8"?>
<adhocDataView exportedWithPermissions="true">
    <folder>/organizations/Southwest/CBS/Ad_Hocs</folder>
    <name>Inbound_Claims_by_Type___This_Year_vs__Last_Year</name>
    <version>2</version>
    <label>Inbound Claims by Type - This Year vs. Last Year</label>
    <description>Displays inbound claims by type of this YTD compared to last YT today's date last year</description>
    <creationDate>2019-05-02T20:08:56.249Z</creationDate>
    <updateDate>2019-07-30T13:22:55.423Z</updateDate>
    <dataSource>
        <uri>/organizations/Southwest/incidents_that_became_claims</uri>
    </dataSource>
    <resource>
        <localResource
            xmlns:xsi="http://www.w3.org/2001/XMLSchema-instance"
            exportedWithPermissions="false" dataFile="topicJRXML.data" xsi:type="fileResource">
            <folder>/organizations/Southwest/CBS/Ad_Hocs/Inbound_Claims_by_Type___This_Year_vs__Last_Year_files</folder>
            <name>topicJRXML</name>
            <version>1</version>
            <label>topicJRXML</label>
            <creationDate>2019-07-30T13:22:55.423Z</creationDate>
            <updateDate>2019-07-30T13:22:55.423Z</updateDate>
            <fileType>jrxml</fileType>
        </localResource>
    </resource>
    <resource>
        <localResource
            xmlns:xsi="http://www.w3.org/2001/XMLSchema-instance"
            exportedWithPermissions="false" dataFile="stateXML.data" xsi:type="fileResource">
            <folder>/organizations/Southwest/CBS/Ad_Hocs/Inbound_Claims_by_Type___This_Year_vs__Last_Year_files</folder>
            <name>stateXML</name>
            <version>1</version>
            <label>stateXML</label>
            <creationDate>2019-07-30T13:22:55.423Z</creationDate>
            <updateDate>2019-07-30T13:22:55.423Z</updateDate>
            <fileType>xml</fileType>
        </localResource>
    </resource>
    <reports>
        <localResource
            xmlns:xsi="http://www.w3.org/2001/XMLSchema-instance"
            exportedWithPermissions="false" xsi:type="reportUnit">
            <folder>/organizations/Southwest/CBS/Ad_Hocs/Inbound_Claims_by_Type___This_Year_vs__Last_Year_files</folder>
            <name>dashboardReport</name>
            <version>1</version>
            <label>dashboardReport</label>
            <creationDate>2019-07-30T13:22:55.423Z</creationDate>
            <updateDate>2019-07-30T13:22:55.423Z</updateDate>
            <mainReport>
                <localResource exportedWithPermissions="false"
                    dataFile="mainReportJrxml.data" xsi:type="fileResource">
                    <folder>/organizations/Southwest/CBS/Ad_Hocs/Inbound_Claims_by_Type___This_Year_vs__Last_Year_files/dashboardReport_files</folder>
                    <name>mainReportJrxml</name>
                    <version>0</version>
                    <label>mainReportJrxml</label>
                    <creationDate>2019-07-30T13:22:55.423Z</creationDate>
                    <updateDate>2019-07-30T13:22:55.423Z</updateDate>
                    <fileType>jrxml</fileType>
                </localResource>
            </mainReport>
            <resource>
                <localResource exportedWithPermissions="false"
                    dataFile="stateXML.data" xsi:type="fileResource">
                    <folder>/organizations/Southwest/CBS/Ad_Hocs/Inbound_Claims_by_Type___This_Year_vs__Last_Year_files/dashboardReport_files</folder>
                    <name>stateXML</name>
                    <version>0</version>
                    <label>stateXML</label>
                    <creationDate>2019-07-30T13:22:55.423Z</creationDate>
                    <updateDate>2019-07-30T13:22:55.423Z</updateDate>
                    <fileType>xml</fileType>
                </localResource>
            </resource>
            <alwaysPromptControls>false</alwaysPromptControls>
            <controlsLayout>1</controlsLayout>
        </localResource>
    </reports>
    <alwaysPromptControls>false</alwaysPromptControls>
    <controlsLayout>1</controlsLayout>
</adhocDataView>
