<?xml version="1.0" encoding="UTF-8"?>
<adhocDataView exportedWithPermissions="true">
    <folder>/organizations/Southwest/CBS/Ad_Hocs</folder>
    <name>Inbound_Claims_by_Type_1</name>
    <version>0</version>
    <label>Inbound Claims by Type</label>
    <description>Inbound claims by type based on selected time period</description>
    <creationDate>2019-05-02T20:06:59.997Z</creationDate>
    <updateDate>2019-05-02T20:06:59.997Z</updateDate>
    <dataSource>
        <uri>/organizations/Southwest/incidents_that_became_claims</uri>
    </dataSource>
    <inputControl>
        <localResource
            xmlns:xsi="http://www.w3.org/2001/XMLSchema-instance"
            exportedWithPermissions="false" xsi:type="inputControl">
            <folder>/organizations/Southwest/CBS/Ad_Hocs/Inbound_Claims_by_Type_1_files</folder>
            <name>CreateDate_1</name>
            <version>0</version>
            <label>CreateDate between</label>
            <creationDate>2019-05-02T20:06:59.997Z</creationDate>
            <updateDate>2019-05-02T20:06:59.997Z</updateDate>
            <type>2</type>
            <mandatory>false</mandatory>
            <readOnly>false</readOnly>
            <visible>true</visible>
            <dataType>
                <localResource exportedWithPermissions="false" xsi:type="dataType">
                    <folder>/organizations/Southwest/CBS/Ad_Hocs/Inbound_Claims_by_Type_1_files/CreateDate_1_files</folder>
                    <name>timestamp</name>
                    <version>0</version>
                    <label>Timestamp</label>
                    <creationDate>2019-05-02T20:06:59.997Z</creationDate>
                    <updateDate>2019-05-02T20:06:59.997Z</updateDate>
                    <type>4</type>
                    <strictMin>false</strictMin>
                    <strictMax>false</strictMax>
                </localResource>
            </dataType>
        </localResource>
    </inputControl>
    <inputControl>
        <localResource
            xmlns:xsi="http://www.w3.org/2001/XMLSchema-instance"
            exportedWithPermissions="false" xsi:type="inputControl">
            <folder>/organizations/Southwest/CBS/Ad_Hocs/Inbound_Claims_by_Type_1_files</folder>
            <name>CreateDate_2</name>
            <version>0</version>
            <label>and</label>
            <creationDate>2019-05-02T20:06:59.997Z</creationDate>
            <updateDate>2019-05-02T20:06:59.997Z</updateDate>
            <type>2</type>
            <mandatory>false</mandatory>
            <readOnly>false</readOnly>
            <visible>true</visible>
            <dataType>
                <localResource exportedWithPermissions="false" xsi:type="dataType">
                    <folder>/organizations/Southwest/CBS/Ad_Hocs/Inbound_Claims_by_Type_1_files/CreateDate_2_files</folder>
                    <name>timestamp</name>
                    <version>0</version>
                    <label>Timestamp</label>
                    <creationDate>2019-05-02T20:06:59.997Z</creationDate>
                    <updateDate>2019-05-02T20:06:59.997Z</updateDate>
                    <type>4</type>
                    <strictMin>false</strictMin>
                    <strictMax>false</strictMax>
                </localResource>
            </dataType>
        </localResource>
    </inputControl>
    <resource>
        <localResource
            xmlns:xsi="http://www.w3.org/2001/XMLSchema-instance"
            exportedWithPermissions="false" dataFile="topicJRXML.data" xsi:type="fileResource">
            <folder>/organizations/Southwest/CBS/Ad_Hocs/Inbound_Claims_by_Type_1_files</folder>
            <name>topicJRXML</name>
            <version>0</version>
            <label>topicJRXML</label>
            <creationDate>2019-05-02T20:06:59.997Z</creationDate>
            <updateDate>2019-05-02T20:06:59.997Z</updateDate>
            <fileType>jrxml</fileType>
        </localResource>
    </resource>
    <resource>
        <localResource
            xmlns:xsi="http://www.w3.org/2001/XMLSchema-instance"
            exportedWithPermissions="false" dataFile="stateXML.data" xsi:type="fileResource">
            <folder>/organizations/Southwest/CBS/Ad_Hocs/Inbound_Claims_by_Type_1_files</folder>
            <name>stateXML</name>
            <version>0</version>
            <label>stateXML</label>
            <creationDate>2019-05-02T20:06:59.997Z</creationDate>
            <updateDate>2019-05-02T20:06:59.997Z</updateDate>
            <fileType>xml</fileType>
        </localResource>
    </resource>
    <alwaysPromptControls>false</alwaysPromptControls>
    <controlsLayout>1</controlsLayout>
</adhocDataView>
