<?xml version="1.0" encoding="UTF-8"?>
<adhocDataView exportedWithPermissions="true">
    <folder>/organizations/Southwest/CBS/Ad_Hocs</folder>
    <name>Incidents_That_Became_Claims__by_Month_</name>
    <version>1</version>
    <label>Incidents That Became Claims (by Month)</label>
    <description>Displays incidents that became claims by station and selected month.  Data is provided to Colin Beales.</description>
    <creationDate>2019-05-02T20:10:40.975Z</creationDate>
    <updateDate>2019-05-09T15:14:09.187Z</updateDate>
    <dataSource>
        <uri>/organizations/Southwest/incidents_that_became_claims</uri>
    </dataSource>
    <inputControl>
        <localResource
            xmlns:xsi="http://www.w3.org/2001/XMLSchema-instance"
            exportedWithPermissions="false" xsi:type="inputControl">
            <folder>/organizations/Southwest/CBS/Ad_Hocs/Incidents_That_Became_Claims__by_Month__files</folder>
            <name>CreateYear_1</name>
            <version>1</version>
            <label>CreateYear</label>
            <creationDate>2019-05-02T20:10:40.975Z</creationDate>
            <updateDate>2019-05-02T20:10:40.975Z</updateDate>
            <type>4</type>
            <mandatory>false</mandatory>
            <readOnly>false</readOnly>
            <visible>true</visible>
            <query>
                <localResource exportedWithPermissions="false" xsi:type="query">
                    <folder>/organizations/Southwest/CBS/Ad_Hocs/Incidents_That_Became_Claims__by_Month__files/CreateYear_1_files</folder>
                    <name>CreateYear_1</name>
                    <version>0</version>
                    <label>CreateYear</label>
                    <creationDate>2019-05-02T20:10:40.975Z</creationDate>
                    <updateDate>2019-05-02T20:10:40.975Z</updateDate>
                    <language>domain</language>
                    <queryString>&lt;?xml version="1.0" encoding="UTF-8"?&gt;
&lt;query xmlns="http://www.jaspersoft.com/2007/SL/XMLSchema"&gt;
  &lt;groupList&gt;
    &lt;group columnName="incidents_that_became_claims.CreateYear" /&gt;
  &lt;/groupList&gt;
  &lt;queryFields&gt;
    &lt;queryField id="incidents_that_became_claims.CreateYear" /&gt;
    &lt;queryField id="CreateYear" /&gt;
  &lt;/queryFields&gt;
&lt;/query&gt;

</queryString>
                    <dataSource>
                        <uri>/organizations/Southwest/incidents_that_became_claims</uri>
                    </dataSource>
                </localResource>
            </query>
            <queryVisibleColumn>incidents_that_became_claims.CreateYear</queryVisibleColumn>
            <queryValueColumn>incidents_that_became_claims.CreateYear</queryValueColumn>
        </localResource>
    </inputControl>
    <inputControl>
        <localResource
            xmlns:xsi="http://www.w3.org/2001/XMLSchema-instance"
            exportedWithPermissions="false" xsi:type="inputControl">
            <folder>/organizations/Southwest/CBS/Ad_Hocs/Incidents_That_Became_Claims__by_Month__files</folder>
            <name>IncidentMonth_1</name>
            <version>1</version>
            <label>IncidentMonth</label>
            <creationDate>2019-05-02T20:10:40.975Z</creationDate>
            <updateDate>2019-05-02T20:10:40.975Z</updateDate>
            <type>4</type>
            <mandatory>false</mandatory>
            <readOnly>false</readOnly>
            <visible>true</visible>
            <query>
                <localResource exportedWithPermissions="false" xsi:type="query">
                    <folder>/organizations/Southwest/CBS/Ad_Hocs/Incidents_That_Became_Claims__by_Month__files/IncidentMonth_1_files</folder>
                    <name>IncidentMonth_1</name>
                    <version>0</version>
                    <label>IncidentMonth</label>
                    <creationDate>2019-05-02T20:10:40.975Z</creationDate>
                    <updateDate>2019-05-02T20:10:40.975Z</updateDate>
                    <language>domain</language>
                    <queryString>&lt;?xml version="1.0" encoding="UTF-8"?&gt;
&lt;query xmlns="http://www.jaspersoft.com/2007/SL/XMLSchema"&gt;
  &lt;groupList&gt;
    &lt;group columnName="incidents_that_became_claims.IncidentMonth" /&gt;
  &lt;/groupList&gt;
  &lt;queryFields&gt;
    &lt;queryField id="incidents_that_became_claims.IncidentMonth" /&gt;
    &lt;queryField id="IncidentMonth" /&gt;
  &lt;/queryFields&gt;
&lt;/query&gt;

</queryString>
                    <dataSource>
                        <uri>/organizations/Southwest/incidents_that_became_claims</uri>
                    </dataSource>
                </localResource>
            </query>
            <queryVisibleColumn>incidents_that_became_claims.IncidentMonth</queryVisibleColumn>
            <queryValueColumn>incidents_that_became_claims.IncidentMonth</queryValueColumn>
        </localResource>
    </inputControl>
    <resource>
        <localResource
            xmlns:xsi="http://www.w3.org/2001/XMLSchema-instance"
            exportedWithPermissions="false" dataFile="topicJRXML.data" xsi:type="fileResource">
            <folder>/organizations/Southwest/CBS/Ad_Hocs/Incidents_That_Became_Claims__by_Month__files</folder>
            <name>topicJRXML</name>
            <version>0</version>
            <label>topicJRXML</label>
            <creationDate>2019-05-02T20:10:40.975Z</creationDate>
            <updateDate>2019-05-02T20:10:40.975Z</updateDate>
            <fileType>jrxml</fileType>
        </localResource>
    </resource>
    <resource>
        <localResource
            xmlns:xsi="http://www.w3.org/2001/XMLSchema-instance"
            exportedWithPermissions="false" dataFile="stateXML.data" xsi:type="fileResource">
            <folder>/organizations/Southwest/CBS/Ad_Hocs/Incidents_That_Became_Claims__by_Month__files</folder>
            <name>stateXML</name>
            <version>1</version>
            <label>stateXML</label>
            <creationDate>2019-05-02T20:10:40.975Z</creationDate>
            <updateDate>2019-05-02T20:10:40.975Z</updateDate>
            <fileType>xml</fileType>
        </localResource>
    </resource>
    <alwaysPromptControls>false</alwaysPromptControls>
    <controlsLayout>1</controlsLayout>
</adhocDataView>
