<?xml version="1.0" encoding="UTF-8"?>
<adhocDataView exportedWithPermissions="true">
    <folder>/organizations/Southwest/CBS/Ad_Hocs</folder>
    <name>Incident_And_Payout_Information_Detailed</name>
    <version>6</version>
    <label>Incident And Payout Information Detailed</label>
    <description>12 Months of summarized incident payout information broken down by Drafts, Vouchers and Invoices by location.  Initially created for FP&amp;A by Robert Lehr 7/10/19</description>
    <creationDate>2019-07-10T19:57:11.786Z</creationDate>
    <updateDate>2019-07-15T13:32:44.573Z</updateDate>
    <dataSource>
        <uri>/organizations/Southwest/incidents_that_became_claims</uri>
    </dataSource>
    <inputControl>
        <localResource
            xmlns:xsi="http://www.w3.org/2001/XMLSchema-instance"
            exportedWithPermissions="false" xsi:type="inputControl">
            <folder>/organizations/Southwest/CBS/Ad_Hocs/Incident_And_Payout_Information_Detailed_files</folder>
            <name>INCIDENT_DATE_1</name>
            <version>1</version>
            <label>INCIDENT DATE equals</label>
            <creationDate>2019-07-15T13:32:44.573Z</creationDate>
            <updateDate>2019-07-15T13:32:44.573Z</updateDate>
            <type>2</type>
            <mandatory>false</mandatory>
            <readOnly>false</readOnly>
            <visible>true</visible>
            <dataType>
                <localResource exportedWithPermissions="false" xsi:type="dataType">
                    <folder>/organizations/Southwest/CBS/Ad_Hocs/Incident_And_Payout_Information_Detailed_files/INCIDENT_DATE_1_files</folder>
                    <name>date</name>
                    <version>0</version>
                    <label>Date</label>
                    <creationDate>2019-07-15T13:32:44.573Z</creationDate>
                    <updateDate>2019-07-15T13:32:44.573Z</updateDate>
                    <type>3</type>
                    <strictMin>false</strictMin>
                    <strictMax>false</strictMax>
                </localResource>
            </dataType>
        </localResource>
    </inputControl>
    <resource>
        <localResource
            xmlns:xsi="http://www.w3.org/2001/XMLSchema-instance"
            exportedWithPermissions="false" dataFile="topicJRXML.data" xsi:type="fileResource">
            <folder>/organizations/Southwest/CBS/Ad_Hocs/Incident_And_Payout_Information_Detailed_files</folder>
            <name>topicJRXML</name>
            <version>1</version>
            <label>topicJRXML</label>
            <creationDate>2019-07-15T13:32:44.573Z</creationDate>
            <updateDate>2019-07-15T13:32:44.573Z</updateDate>
            <fileType>jrxml</fileType>
        </localResource>
    </resource>
    <resource>
        <localResource
            xmlns:xsi="http://www.w3.org/2001/XMLSchema-instance"
            exportedWithPermissions="false" dataFile="stateXML.data" xsi:type="fileResource">
            <folder>/organizations/Southwest/CBS/Ad_Hocs/Incident_And_Payout_Information_Detailed_files</folder>
            <name>stateXML</name>
            <version>1</version>
            <label>stateXML</label>
            <creationDate>2019-07-15T13:32:44.573Z</creationDate>
            <updateDate>2019-07-15T13:32:44.573Z</updateDate>
            <fileType>xml</fileType>
        </localResource>
    </resource>
    <alwaysPromptControls>false</alwaysPromptControls>
    <controlsLayout>1</controlsLayout>
</adhocDataView>
