<?xml version="1.0" encoding="UTF-8"?>
<adhocDataView exportedWithPermissions="true">
    <folder>/organizations/Southwest/CBS/Ad_Hocs</folder>
    <name>NOT_COMPLETE__Time_to_Close_Incident_from_Activity</name>
    <version>0</version>
    <label>NOT COMPLETE- Time to Close Incident from Activity</label>
    <description>NOT COMPLETE - Displays the time (in days) to close an incident from activity</description>
    <creationDate>2019-05-02T20:15:03.565Z</creationDate>
    <updateDate>2019-05-02T20:15:03.565Z</updateDate>
    <dataSource>
        <uri>/organizations/Southwest/Q_Test</uri>
    </dataSource>
    <resource>
        <localResource
            xmlns:xsi="http://www.w3.org/2001/XMLSchema-instance"
            exportedWithPermissions="false" dataFile="topicJRXML.data" xsi:type="fileResource">
            <folder>/organizations/Southwest/CBS/Ad_Hocs/NOT_COMPLETE__Time_to_Close_Incident_from_Activity_files</folder>
            <name>topicJRXML</name>
            <version>0</version>
            <label>topicJRXML</label>
            <creationDate>2019-05-02T20:15:03.565Z</creationDate>
            <updateDate>2019-05-02T20:15:03.565Z</updateDate>
            <fileType>jrxml</fileType>
        </localResource>
    </resource>
    <resource>
        <localResource
            xmlns:xsi="http://www.w3.org/2001/XMLSchema-instance"
            exportedWithPermissions="false" dataFile="stateXML.data" xsi:type="fileResource">
            <folder>/organizations/Southwest/CBS/Ad_Hocs/NOT_COMPLETE__Time_to_Close_Incident_from_Activity_files</folder>
            <name>stateXML</name>
            <version>0</version>
            <label>stateXML</label>
            <creationDate>2019-05-02T20:15:03.565Z</creationDate>
            <updateDate>2019-05-02T20:15:03.565Z</updateDate>
            <fileType>xml</fileType>
        </localResource>
    </resource>
    <alwaysPromptControls>false</alwaysPromptControls>
    <controlsLayout>1</controlsLayout>
</adhocDataView>
