<?xml version="1.0" encoding="UTF-8"?>
<adhocDataView exportedWithPermissions="true">
    <folder>/organizations/Southwest/CBS/Ad_Hocs</folder>
    <name>Number_of_Closed_Claims_Per_Group</name>
    <version>0</version>
    <label>Number of Closed Claims Per Group</label>
    <description>Displays number of closed claims per month based on selected user group</description>
    <creationDate>2019-05-02T20:13:23.744Z</creationDate>
    <updateDate>2019-05-02T20:13:23.744Z</updateDate>
    <dataSource>
        <uri>/organizations/Southwest/incidents_that_became_claims</uri>
    </dataSource>
    <inputControl>
        <localResource
            xmlns:xsi="http://www.w3.org/2001/XMLSchema-instance"
            exportedWithPermissions="false" xsi:type="inputControl">
            <folder>/organizations/Southwest/CBS/Ad_Hocs/Number_of_Closed_Claims_Per_Group_files</folder>
            <name>User_Group_1</name>
            <version>0</version>
            <label>User Group</label>
            <creationDate>2019-05-02T20:13:23.744Z</creationDate>
            <updateDate>2019-05-02T20:13:23.744Z</updateDate>
            <type>7</type>
            <mandatory>false</mandatory>
            <readOnly>false</readOnly>
            <visible>true</visible>
            <query>
                <localResource exportedWithPermissions="false" xsi:type="query">
                    <folder>/organizations/Southwest/CBS/Ad_Hocs/Number_of_Closed_Claims_Per_Group_files/User_Group_1_files</folder>
                    <name>User_Group_1</name>
                    <version>0</version>
                    <label>User Group</label>
                    <creationDate>2019-05-02T20:13:23.744Z</creationDate>
                    <updateDate>2019-05-02T20:13:23.744Z</updateDate>
                    <language>domain</language>
                    <queryString>&lt;?xml version="1.0" encoding="UTF-8"?&gt;
&lt;query xmlns="http://www.jaspersoft.com/2007/SL/XMLSchema"&gt;
  &lt;groupList&gt;
    &lt;group columnName="number_of_closed_claims_per_agent.User_Group" /&gt;
  &lt;/groupList&gt;
  &lt;queryFields&gt;
    &lt;queryField id="number_of_closed_claims_per_agent.User_Group" /&gt;
    &lt;queryField id="User_Group" /&gt;
  &lt;/queryFields&gt;
&lt;/query&gt;

</queryString>
                    <dataSource>
                        <uri>/organizations/Southwest/incidents_that_became_claims</uri>
                    </dataSource>
                </localResource>
            </query>
            <queryVisibleColumn>number_of_closed_claims_per_agent.User_Group</queryVisibleColumn>
            <queryValueColumn>number_of_closed_claims_per_agent.User_Group</queryValueColumn>
        </localResource>
    </inputControl>
    <inputControl>
        <localResource
            xmlns:xsi="http://www.w3.org/2001/XMLSchema-instance"
            exportedWithPermissions="false" xsi:type="inputControl">
            <folder>/organizations/Southwest/CBS/Ad_Hocs/Number_of_Closed_Claims_Per_Group_files</folder>
            <name>Close_Year_1</name>
            <version>0</version>
            <label>Close Year</label>
            <creationDate>2019-05-02T20:13:23.744Z</creationDate>
            <updateDate>2019-05-02T20:13:23.744Z</updateDate>
            <type>4</type>
            <mandatory>false</mandatory>
            <readOnly>false</readOnly>
            <visible>true</visible>
            <query>
                <localResource exportedWithPermissions="false" xsi:type="query">
                    <folder>/organizations/Southwest/CBS/Ad_Hocs/Number_of_Closed_Claims_Per_Group_files/Close_Year_1_files</folder>
                    <name>Close_Year_1</name>
                    <version>0</version>
                    <label>Close Year</label>
                    <creationDate>2019-05-02T20:13:23.744Z</creationDate>
                    <updateDate>2019-05-02T20:13:23.744Z</updateDate>
                    <language>domain</language>
                    <queryString>&lt;?xml version="1.0" encoding="UTF-8"?&gt;
&lt;query xmlns="http://www.jaspersoft.com/2007/SL/XMLSchema"&gt;
  &lt;groupList&gt;
    &lt;group columnName="number_of_closed_claims_per_agent2.Close_Year" /&gt;
  &lt;/groupList&gt;
  &lt;queryFields&gt;
    &lt;queryField id="Close_Year" /&gt;
    &lt;queryField id="number_of_closed_claims_per_agent2.Close_Year" /&gt;
  &lt;/queryFields&gt;
&lt;/query&gt;

</queryString>
                    <dataSource>
                        <uri>/organizations/Southwest/incidents_that_became_claims</uri>
                    </dataSource>
                </localResource>
            </query>
            <queryVisibleColumn>number_of_closed_claims_per_agent2.Close_Year</queryVisibleColumn>
            <queryValueColumn>number_of_closed_claims_per_agent2.Close_Year</queryValueColumn>
        </localResource>
    </inputControl>
    <resource>
        <localResource
            xmlns:xsi="http://www.w3.org/2001/XMLSchema-instance"
            exportedWithPermissions="false" dataFile="topicJRXML.data" xsi:type="fileResource">
            <folder>/organizations/Southwest/CBS/Ad_Hocs/Number_of_Closed_Claims_Per_Group_files</folder>
            <name>topicJRXML</name>
            <version>0</version>
            <label>topicJRXML</label>
            <creationDate>2019-05-02T20:13:23.744Z</creationDate>
            <updateDate>2019-05-02T20:13:23.744Z</updateDate>
            <fileType>jrxml</fileType>
        </localResource>
    </resource>
    <resource>
        <localResource
            xmlns:xsi="http://www.w3.org/2001/XMLSchema-instance"
            exportedWithPermissions="false" dataFile="stateXML.data" xsi:type="fileResource">
            <folder>/organizations/Southwest/CBS/Ad_Hocs/Number_of_Closed_Claims_Per_Group_files</folder>
            <name>stateXML</name>
            <version>0</version>
            <label>stateXML</label>
            <creationDate>2019-05-02T20:13:23.744Z</creationDate>
            <updateDate>2019-05-02T20:13:23.744Z</updateDate>
            <fileType>xml</fileType>
        </localResource>
    </resource>
    <alwaysPromptControls>false</alwaysPromptControls>
    <controlsLayout>1</controlsLayout>
</adhocDataView>
