<?xml version="1.0" encoding="UTF-8"?>
<adhocDataView exportedWithPermissions="true">
    <folder>/organizations/Southwest/CBS/Ad_Hocs</folder>
    <name>PB1_Inbound_Claims_by_Type___This_Year_vs__Last_Year</name>
    <version>0</version>
    <label>PB1 Inbound Claims by Type - This Year vs. Last Year</label>
    <description>Displays inbound claims by type of this YTD compared to last YT today's date last year</description>
    <creationDate>2019-05-31T19:01:42.595Z</creationDate>
    <updateDate>2019-05-31T19:01:42.595Z</updateDate>
    <dataSource>
        <uri>/organizations/Southwest/incidents_that_became_claims</uri>
    </dataSource>
    <resource>
        <localResource
            xmlns:xsi="http://www.w3.org/2001/XMLSchema-instance"
            exportedWithPermissions="false" dataFile="topicJRXML.data" xsi:type="fileResource">
            <folder>/organizations/Southwest/CBS/Ad_Hocs/PB1_Inbound_Claims_by_Type___This_Year_vs__Last_Year_files</folder>
            <name>topicJRXML</name>
            <version>0</version>
            <label>topicJRXML</label>
            <creationDate>2019-05-31T19:01:42.595Z</creationDate>
            <updateDate>2019-05-31T19:01:42.595Z</updateDate>
            <fileType>jrxml</fileType>
        </localResource>
    </resource>
    <resource>
        <localResource
            xmlns:xsi="http://www.w3.org/2001/XMLSchema-instance"
            exportedWithPermissions="false" dataFile="stateXML.data" xsi:type="fileResource">
            <folder>/organizations/Southwest/CBS/Ad_Hocs/PB1_Inbound_Claims_by_Type___This_Year_vs__Last_Year_files</folder>
            <name>stateXML</name>
            <version>0</version>
            <label>stateXML</label>
            <creationDate>2019-05-31T19:01:42.595Z</creationDate>
            <updateDate>2019-05-31T19:01:42.595Z</updateDate>
            <fileType>xml</fileType>
        </localResource>
    </resource>
    <alwaysPromptControls>false</alwaysPromptControls>
    <controlsLayout>1</controlsLayout>
</adhocDataView>
