<?xml version="1.0" encoding="UTF-8"?>
<adhocDataView exportedWithPermissions="true">
    <folder>/organizations/Southwest/CBS/Ad_Hocs</folder>
    <name>PB_Incidents_That_Became_Claims__by_Month_</name>
    <version>6</version>
    <label>PB Incidents That Became Claims (by Month)</label>
    <description>Displays incidents that became claims by station and selected month.  Data is provided to Colin Beales.</description>
    <creationDate>2019-06-04T19:39:58.766Z</creationDate>
    <updateDate>2019-06-07T19:23:15.621Z</updateDate>
    <dataSource>
        <uri>/organizations/Southwest/incidents_that_became_claims</uri>
    </dataSource>
    <inputControl>
        <localResource
            xmlns:xsi="http://www.w3.org/2001/XMLSchema-instance"
            exportedWithPermissions="false" xsi:type="inputControl">
            <folder>/organizations/Southwest/CBS/Ad_Hocs/PB_Incidents_That_Became_Claims__by_Month__files</folder>
            <name>CreateDate1_1</name>
            <version>1</version>
            <label>CreateDate equals</label>
            <creationDate>2019-06-07T19:23:15.621Z</creationDate>
            <updateDate>2019-06-07T19:23:15.621Z</updateDate>
            <type>2</type>
            <mandatory>false</mandatory>
            <readOnly>false</readOnly>
            <visible>true</visible>
            <dataType>
                <localResource exportedWithPermissions="false" xsi:type="dataType">
                    <folder>/organizations/Southwest/CBS/Ad_Hocs/PB_Incidents_That_Became_Claims__by_Month__files/CreateDate1_1_files</folder>
                    <name>date</name>
                    <version>0</version>
                    <label>Date</label>
                    <creationDate>2019-06-07T19:23:15.621Z</creationDate>
                    <updateDate>2019-06-07T19:23:15.621Z</updateDate>
                    <type>3</type>
                    <strictMin>false</strictMin>
                    <strictMax>false</strictMax>
                </localResource>
            </dataType>
        </localResource>
    </inputControl>
    <resource>
        <localResource
            xmlns:xsi="http://www.w3.org/2001/XMLSchema-instance"
            exportedWithPermissions="false" dataFile="topicJRXML.data" xsi:type="fileResource">
            <folder>/organizations/Southwest/CBS/Ad_Hocs/PB_Incidents_That_Became_Claims__by_Month__files</folder>
            <name>topicJRXML</name>
            <version>1</version>
            <label>topicJRXML</label>
            <creationDate>2019-06-07T19:23:15.621Z</creationDate>
            <updateDate>2019-06-07T19:23:15.621Z</updateDate>
            <fileType>jrxml</fileType>
        </localResource>
    </resource>
    <resource>
        <localResource
            xmlns:xsi="http://www.w3.org/2001/XMLSchema-instance"
            exportedWithPermissions="false" dataFile="stateXML.data" xsi:type="fileResource">
            <folder>/organizations/Southwest/CBS/Ad_Hocs/PB_Incidents_That_Became_Claims__by_Month__files</folder>
            <name>stateXML</name>
            <version>1</version>
            <label>stateXML</label>
            <creationDate>2019-06-07T19:23:15.621Z</creationDate>
            <updateDate>2019-06-07T19:23:15.621Z</updateDate>
            <fileType>xml</fileType>
        </localResource>
    </resource>
    <alwaysPromptControls>false</alwaysPromptControls>
    <controlsLayout>1</controlsLayout>
</adhocDataView>
