<?xml version="1.0" encoding="UTF-8"?>
<reportUnit exportedWithPermissions="true">
    <folder>/organizations/Southwest/CBS/Ad_Hocs</folder>
    <name>PB_Incidents_That_Became_Claims__by_Month__Report</name>
    <version>1</version>
    <label>PB Incidents That Became Claims (by Month) Report</label>
    <description></description>
    <creationDate>2019-06-07T16:57:14.569Z</creationDate>
    <updateDate>2019-06-07T16:59:06.643Z</updateDate>
    <mainReport>
        <localResource
            xmlns:xsi="http://www.w3.org/2001/XMLSchema-instance"
            exportedWithPermissions="false"
            dataFile="mainReportJrxml.data" xsi:type="fileResource">
            <folder>/organizations/Southwest/CBS/Ad_Hocs/PB_Incidents_That_Became_Claims__by_Month__Report_files</folder>
            <name>mainReportJrxml</name>
            <version>1</version>
            <label>mainReportJrxml</label>
            <creationDate>2019-06-07T16:59:06.643Z</creationDate>
            <updateDate>2019-06-07T16:59:06.643Z</updateDate>
            <fileType>jrxml</fileType>
        </localResource>
    </mainReport>
    <dataSource>
        <uri>/organizations/Southwest/CBS/Ad_Hocs/PB_Incidents_That_Became_Claims__by_Month_</uri>
    </dataSource>
    <resource>
        <localResource
            xmlns:xsi="http://www.w3.org/2001/XMLSchema-instance"
            exportedWithPermissions="false" dataFile="stateXML.data" xsi:type="fileResource">
            <folder>/organizations/Southwest/CBS/Ad_Hocs/PB_Incidents_That_Became_Claims__by_Month__Report_files</folder>
            <name>stateXML</name>
            <version>1</version>
            <label>stateXML</label>
            <creationDate>2019-06-07T16:59:06.643Z</creationDate>
            <updateDate>2019-06-07T16:59:06.643Z</updateDate>
            <fileType>xml</fileType>
        </localResource>
    </resource>
    <alwaysPromptControls>false</alwaysPromptControls>
    <controlsLayout>1</controlsLayout>
</reportUnit>
