<?xml version="1.0" encoding="UTF-8"?>
<adhocDataView exportedWithPermissions="true">
    <folder>/organizations/Southwest/CBS/Ad_Hocs</folder>
    <name>PB_Station_Stock</name>
    <version>0</version>
    <label>PB Station Stock</label>
    <description>Created by Peter Bosworth</description>
    <creationDate>2019-05-30T15:46:43.103Z</creationDate>
    <updateDate>2019-05-30T15:46:43.103Z</updateDate>
    <dataSource>
        <uri>/organizations/Southwest/CBS/Domains/Issuance_Item_Information</uri>
    </dataSource>
    <inputControl>
        <localResource
            xmlns:xsi="http://www.w3.org/2001/XMLSchema-instance"
            exportedWithPermissions="false" xsi:type="inputControl">
            <folder>/organizations/Southwest/CBS/Ad_Hocs/PB_Station_Stock_files</folder>
            <name>description2_1</name>
            <version>0</version>
            <label>description</label>
            <creationDate>2019-05-30T15:46:43.103Z</creationDate>
            <updateDate>2019-05-30T15:46:43.103Z</updateDate>
            <type>4</type>
            <mandatory>false</mandatory>
            <readOnly>false</readOnly>
            <visible>true</visible>
            <query>
                <localResource exportedWithPermissions="false" xsi:type="query">
                    <folder>/organizations/Southwest/CBS/Ad_Hocs/PB_Station_Stock_files/description2_1_files</folder>
                    <name>description2_1</name>
                    <version>0</version>
                    <label>description</label>
                    <creationDate>2019-05-30T15:46:43.103Z</creationDate>
                    <updateDate>2019-05-30T15:46:43.103Z</updateDate>
                    <language>domain</language>
                    <queryString>&lt;?xml version="1.0" encoding="UTF-8"?&gt;
&lt;query xmlns="http://www.jaspersoft.com/2007/SL/XMLSchema"&gt;
  &lt;groupList&gt;
    &lt;group columnName="status.description2" /&gt;
  &lt;/groupList&gt;
  &lt;queryFields&gt;
    &lt;queryField id="status.description2" /&gt;
    &lt;queryField id="status.description" /&gt;
  &lt;/queryFields&gt;
&lt;/query&gt;

</queryString>
                    <dataSource>
                        <uri>/organizations/Southwest/CBS/Domains/Issuance_Item_Information</uri>
                    </dataSource>
                </localResource>
            </query>
            <queryVisibleColumn>status.description2</queryVisibleColumn>
            <queryValueColumn>status.description2</queryValueColumn>
        </localResource>
    </inputControl>
    <inputControl>
        <localResource
            xmlns:xsi="http://www.w3.org/2001/XMLSchema-instance"
            exportedWithPermissions="false" xsi:type="inputControl">
            <folder>/organizations/Southwest/CBS/Ad_Hocs/PB_Station_Stock_files</folder>
            <name>stationcode_1</name>
            <version>0</version>
            <label>stationcode</label>
            <creationDate>2019-05-30T15:46:43.103Z</creationDate>
            <updateDate>2019-05-30T15:46:43.103Z</updateDate>
            <type>7</type>
            <mandatory>false</mandatory>
            <readOnly>false</readOnly>
            <visible>true</visible>
            <query>
                <localResource exportedWithPermissions="false" xsi:type="query">
                    <folder>/organizations/Southwest/CBS/Ad_Hocs/PB_Station_Stock_files/stationcode_1_files</folder>
                    <name>stationcode_1</name>
                    <version>0</version>
                    <label>stationcode</label>
                    <creationDate>2019-05-30T15:46:43.103Z</creationDate>
                    <updateDate>2019-05-30T15:46:43.103Z</updateDate>
                    <language>domain</language>
                    <queryString>&lt;?xml version="1.0" encoding="UTF-8"?&gt;
&lt;query xmlns="http://www.jaspersoft.com/2007/SL/XMLSchema"&gt;
  &lt;groupList&gt;
    &lt;group columnName="station.stationcode" /&gt;
  &lt;/groupList&gt;
  &lt;queryFields&gt;
    &lt;queryField id="station.stationcode" /&gt;
  &lt;/queryFields&gt;
&lt;/query&gt;

</queryString>
                    <dataSource>
                        <uri>/organizations/Southwest/CBS/Domains/Issuance_Item_Information</uri>
                    </dataSource>
                </localResource>
            </query>
            <queryVisibleColumn>station.stationcode</queryVisibleColumn>
            <queryValueColumn>station.stationcode</queryValueColumn>
        </localResource>
    </inputControl>
    <resource>
        <localResource
            xmlns:xsi="http://www.w3.org/2001/XMLSchema-instance"
            exportedWithPermissions="false" dataFile="topicJRXML.data" xsi:type="fileResource">
            <folder>/organizations/Southwest/CBS/Ad_Hocs/PB_Station_Stock_files</folder>
            <name>topicJRXML</name>
            <version>0</version>
            <label>topicJRXML</label>
            <creationDate>2019-05-30T15:46:43.103Z</creationDate>
            <updateDate>2019-05-30T15:46:43.103Z</updateDate>
            <fileType>jrxml</fileType>
        </localResource>
    </resource>
    <resource>
        <localResource
            xmlns:xsi="http://www.w3.org/2001/XMLSchema-instance"
            exportedWithPermissions="false" dataFile="stateXML.data" xsi:type="fileResource">
            <folder>/organizations/Southwest/CBS/Ad_Hocs/PB_Station_Stock_files</folder>
            <name>stateXML</name>
            <version>0</version>
            <label>stateXML</label>
            <creationDate>2019-05-30T15:46:43.103Z</creationDate>
            <updateDate>2019-05-30T15:46:43.103Z</updateDate>
            <fileType>xml</fileType>
        </localResource>
    </resource>
    <alwaysPromptControls>false</alwaysPromptControls>
    <controlsLayout>1</controlsLayout>
</adhocDataView>
