<?xml version="1.0" encoding="UTF-8"?>
<adhocDataView exportedWithPermissions="true">
    <folder>/organizations/Southwest/CBS/Ad_Hocs</folder>
    <name>Station_Tradeout_Items_Report</name>
    <version>4</version>
    <label>Station Tradeout Items</label>
    <description>Report Created for Ed Johnson</description>
    <creationDate>2019-05-20T21:49:50.968Z</creationDate>
    <updateDate>2019-05-21T14:11:02.444Z</updateDate>
    <dataSource>
        <uri>/organizations/Southwest/CBS/Domains/Issuance_Item_Information</uri>
    </dataSource>
    <inputControl>
        <localResource
            xmlns:xsi="http://www.w3.org/2001/XMLSchema-instance"
            exportedWithPermissions="false" xsi:type="inputControl">
            <folder>/organizations/Southwest/CBS/Ad_Hocs/Station_Tradeout_Items_Report_files</folder>
            <name>Status_1</name>
            <version>1</version>
            <label>Status</label>
            <creationDate>2019-05-21T14:11:02.444Z</creationDate>
            <updateDate>2019-05-21T14:11:02.444Z</updateDate>
            <type>4</type>
            <mandatory>false</mandatory>
            <readOnly>false</readOnly>
            <visible>true</visible>
            <query>
                <localResource exportedWithPermissions="false" xsi:type="query">
                    <folder>/organizations/Southwest/CBS/Ad_Hocs/Station_Tradeout_Items_Report_files/Status_1_files</folder>
                    <name>Status_1</name>
                    <version>0</version>
                    <label>Status</label>
                    <creationDate>2019-05-21T14:11:02.444Z</creationDate>
                    <updateDate>2019-05-21T14:11:02.444Z</updateDate>
                    <language>domain</language>
                    <queryString>&lt;?xml version="1.0" encoding="UTF-8"?&gt;
&lt;query xmlns="http://www.jaspersoft.com/2007/SL/XMLSchema"&gt;
  &lt;groupList&gt;
    &lt;group columnName="Status" /&gt;
  &lt;/groupList&gt;
  &lt;queryFields&gt;
    &lt;queryField id="Status" /&gt;
  &lt;/queryFields&gt;
&lt;/query&gt;

</queryString>
                    <dataSource>
                        <uri>/organizations/Southwest/CBS/Domains/Issuance_Item_Information</uri>
                    </dataSource>
                </localResource>
            </query>
            <queryVisibleColumn>Status</queryVisibleColumn>
            <queryValueColumn>Status</queryValueColumn>
        </localResource>
    </inputControl>
    <inputControl>
        <localResource
            xmlns:xsi="http://www.w3.org/2001/XMLSchema-instance"
            exportedWithPermissions="false" xsi:type="inputControl">
            <folder>/organizations/Southwest/CBS/Ad_Hocs/Station_Tradeout_Items_Report_files</folder>
            <name>Station_1</name>
            <version>1</version>
            <label>Station</label>
            <creationDate>2019-05-21T14:11:02.444Z</creationDate>
            <updateDate>2019-05-21T14:11:02.444Z</updateDate>
            <type>4</type>
            <mandatory>false</mandatory>
            <readOnly>false</readOnly>
            <visible>true</visible>
            <query>
                <localResource exportedWithPermissions="false" xsi:type="query">
                    <folder>/organizations/Southwest/CBS/Ad_Hocs/Station_Tradeout_Items_Report_files/Station_1_files</folder>
                    <name>Station_1</name>
                    <version>0</version>
                    <label>Station</label>
                    <creationDate>2019-05-21T14:11:02.444Z</creationDate>
                    <updateDate>2019-05-21T14:11:02.444Z</updateDate>
                    <language>domain</language>
                    <queryString>&lt;?xml version="1.0" encoding="UTF-8"?&gt;
&lt;query xmlns="http://www.jaspersoft.com/2007/SL/XMLSchema"&gt;
  &lt;groupList&gt;
    &lt;group columnName="Station" /&gt;
  &lt;/groupList&gt;
  &lt;queryFields&gt;
    &lt;queryField id="Station" /&gt;
  &lt;/queryFields&gt;
&lt;/query&gt;

</queryString>
                    <dataSource>
                        <uri>/organizations/Southwest/CBS/Domains/Issuance_Item_Information</uri>
                    </dataSource>
                </localResource>
            </query>
            <queryVisibleColumn>Station</queryVisibleColumn>
            <queryValueColumn>Station</queryValueColumn>
        </localResource>
    </inputControl>
    <inputControl>
        <localResource
            xmlns:xsi="http://www.w3.org/2001/XMLSchema-instance"
            exportedWithPermissions="false" xsi:type="inputControl">
            <folder>/organizations/Southwest/CBS/Ad_Hocs/Station_Tradeout_Items_Report_files</folder>
            <name>description_1</name>
            <version>0</version>
            <label>description does not contain</label>
            <creationDate>2019-05-21T14:11:02.444Z</creationDate>
            <updateDate>2019-05-21T14:11:02.444Z</updateDate>
            <type>2</type>
            <mandatory>false</mandatory>
            <readOnly>false</readOnly>
            <visible>true</visible>
            <dataType>
                <localResource exportedWithPermissions="false" xsi:type="dataType">
                    <folder>/organizations/Southwest/CBS/Ad_Hocs/Station_Tradeout_Items_Report_files/description_1_files</folder>
                    <name>text</name>
                    <version>0</version>
                    <label>Text</label>
                    <creationDate>2019-05-21T14:11:02.444Z</creationDate>
                    <updateDate>2019-05-21T14:11:02.444Z</updateDate>
                    <type>1</type>
                    <strictMin>false</strictMin>
                    <strictMax>false</strictMax>
                </localResource>
            </dataType>
        </localResource>
    </inputControl>
    <resource>
        <localResource
            xmlns:xsi="http://www.w3.org/2001/XMLSchema-instance"
            exportedWithPermissions="false" dataFile="topicJRXML.data" xsi:type="fileResource">
            <folder>/organizations/Southwest/CBS/Ad_Hocs/Station_Tradeout_Items_Report_files</folder>
            <name>topicJRXML</name>
            <version>1</version>
            <label>topicJRXML</label>
            <creationDate>2019-05-21T14:11:02.444Z</creationDate>
            <updateDate>2019-05-21T14:11:02.444Z</updateDate>
            <fileType>jrxml</fileType>
        </localResource>
    </resource>
    <resource>
        <localResource
            xmlns:xsi="http://www.w3.org/2001/XMLSchema-instance"
            exportedWithPermissions="false" dataFile="stateXML.data" xsi:type="fileResource">
            <folder>/organizations/Southwest/CBS/Ad_Hocs/Station_Tradeout_Items_Report_files</folder>
            <name>stateXML</name>
            <version>1</version>
            <label>stateXML</label>
            <creationDate>2019-05-21T14:11:02.444Z</creationDate>
            <updateDate>2019-05-21T14:11:02.444Z</updateDate>
            <fileType>xml</fileType>
        </localResource>
    </resource>
    <alwaysPromptControls>false</alwaysPromptControls>
    <controlsLayout>1</controlsLayout>
</adhocDataView>
