<?xml version="1.0" encoding="UTF-8"?>
<folder exportedWithPermissions="true">
    <parent>/organizations/Southwest</parent>
    <name>CBS</name>
    <label>CBS</label>
    <description></description>
    <creationDate>2019-04-29T13:32:59.218Z</creationDate>
    <updateDate>2019-04-29T13:32:59.218Z</updateDate>
    <folder>Ad_Hocs</folder>
    <folder>Domains</folder>
    <resource>ACAA_Expenses</resource>
    <resource>Inbound_Claims_by_Type_-_This_Year_vs._Last_Year_Report</resource>
    <resource>Inbound_Claims_by_Type_This_Year_vs._Last_Year_Report.pdf</resource>
    <resource>Inbound_Claims_by_Type_YoY</resource>
    <resource>InboundClaimsReport2.pdf</resource>
    <resource>Incident_And_Payout_Information_Detailed_Report</resource>
    <resource>Incident_and_Payout_Information_Detailed_Report_Last_Month.csv</resource>
    <resource>Incident_And_Payout_Information_Detailed_Report_Two_Months_Back.csv</resource>
    <resource>Incident_And_Payout_Information_Detailed_Report.csv</resource>
    <resource>Incidents_and_Payouts_Report</resource>
    <resource>Incidents_and_Payouts_Report__Scheduled_</resource>
    <resource>Incidents_and_Payouts_Report_Scheduled.xls</resource>
    <resource>Incidents_and_Payouts_Report.xls</resource>
    <resource>Incidents_That_Became_Claims__by_Month__Report__Scheduled_</resource>
    <resource>Incidents_That_Became_Claims_by_Month_Report.xls</resource>
    <resource>IncidentsandPayoutsReport.xls</resource>
    <resource>IncidentsandPayoutsReportScheduled.xls</resource>
    <resource>IncidentsThatBecameClaimsbyMonthReportScheduled.xls</resource>
    <resource>PB_Inbound_Claims_by_Type_-_This_Year_vs._Last_Year_Report</resource>
    <resource>Station_Tradeout_Items_Report</resource>
    <resource>Wheelchair_Data</resource>
    <permission>
        <permissionMask>32</permissionMask>
        <recipient tenantId="Southwest" recipientType="role">SWA_CBS_USER</recipient>
    </permission>
</folder>
