<?xml version="1.0" encoding="UTF-8"?>
<adhocDataView exportedWithPermissions="true">
    <folder>/organizations/Southwest/CBS</folder>
    <name>ACAA_Expenses</name>
    <version>1</version>
    <label>ACAA Expenses</label>
    <description>Displays ACAA Expenses &gt;= $3500</description>
    <creationDate>2019-04-29T13:33:24.590Z</creationDate>
    <updateDate>2019-05-02T20:01:19.735Z</updateDate>
    <dataSource>
        <uri>/organizations/Southwest/V1ACAA_Expenses</uri>
    </dataSource>
    <inputControl>
        <localResource
            xmlns:xsi="http://www.w3.org/2001/XMLSchema-instance"
            exportedWithPermissions="false" xsi:type="inputControl">
            <folder>/organizations/Southwest/CBS/ACAA_Expenses_files</folder>
            <name>isprimary_1</name>
            <version>1</version>
            <label>isprimary</label>
            <creationDate>2019-04-29T13:33:24.590Z</creationDate>
            <updateDate>2019-04-29T13:33:24.590Z</updateDate>
            <type>2</type>
            <mandatory>false</mandatory>
            <readOnly>false</readOnly>
            <visible>true</visible>
            <dataType>
                <localResource exportedWithPermissions="false" xsi:type="dataType">
                    <folder>/organizations/Southwest/CBS/ACAA_Expenses_files/isprimary_1_files</folder>
                    <name>number</name>
                    <version>0</version>
                    <label>Number</label>
                    <creationDate>2019-04-29T13:33:24.590Z</creationDate>
                    <updateDate>2019-04-29T13:33:24.590Z</updateDate>
                    <type>2</type>
                    <strictMin>false</strictMin>
                    <strictMax>false</strictMax>
                </localResource>
            </dataType>
        </localResource>
    </inputControl>
    <inputControl>
        <localResource
            xmlns:xsi="http://www.w3.org/2001/XMLSchema-instance"
            exportedWithPermissions="false" xsi:type="inputControl">
            <folder>/organizations/Southwest/CBS/ACAA_Expenses_files</folder>
            <name>close_date_1</name>
            <version>1</version>
            <label>close_date equals</label>
            <creationDate>2019-04-29T13:33:24.590Z</creationDate>
            <updateDate>2019-04-29T13:33:24.590Z</updateDate>
            <type>2</type>
            <mandatory>false</mandatory>
            <readOnly>false</readOnly>
            <visible>true</visible>
            <dataType>
                <localResource exportedWithPermissions="false" xsi:type="dataType">
                    <folder>/organizations/Southwest/CBS/ACAA_Expenses_files/close_date_1_files</folder>
                    <name>timestamp</name>
                    <version>0</version>
                    <label>Timestamp</label>
                    <creationDate>2019-04-29T13:33:24.590Z</creationDate>
                    <updateDate>2019-04-29T13:33:24.590Z</updateDate>
                    <type>4</type>
                    <strictMin>false</strictMin>
                    <strictMax>false</strictMax>
                </localResource>
            </dataType>
        </localResource>
    </inputControl>
    <inputControl>
        <localResource
            xmlns:xsi="http://www.w3.org/2001/XMLSchema-instance"
            exportedWithPermissions="false" xsi:type="inputControl">
            <folder>/organizations/Southwest/CBS/ACAA_Expenses_files</folder>
            <name>legto_type_1</name>
            <version>1</version>
            <label>legto_type</label>
            <creationDate>2019-04-29T13:33:24.590Z</creationDate>
            <updateDate>2019-04-29T13:33:24.590Z</updateDate>
            <type>2</type>
            <mandatory>false</mandatory>
            <readOnly>false</readOnly>
            <visible>true</visible>
            <dataType>
                <localResource exportedWithPermissions="false" xsi:type="dataType">
                    <folder>/organizations/Southwest/CBS/ACAA_Expenses_files/legto_type_1_files</folder>
                    <name>number</name>
                    <version>0</version>
                    <label>Number</label>
                    <creationDate>2019-04-29T13:33:24.590Z</creationDate>
                    <updateDate>2019-04-29T13:33:24.590Z</updateDate>
                    <type>2</type>
                    <strictMin>false</strictMin>
                    <strictMax>false</strictMax>
                </localResource>
            </dataType>
        </localResource>
    </inputControl>
    <inputControl>
        <localResource
            xmlns:xsi="http://www.w3.org/2001/XMLSchema-instance"
            exportedWithPermissions="false" xsi:type="inputControl">
            <folder>/organizations/Southwest/CBS/ACAA_Expenses_files</folder>
            <name>itinerarytype_1</name>
            <version>1</version>
            <label>itinerarytype</label>
            <creationDate>2019-04-29T13:33:24.590Z</creationDate>
            <updateDate>2019-04-29T13:33:24.590Z</updateDate>
            <type>2</type>
            <mandatory>false</mandatory>
            <readOnly>false</readOnly>
            <visible>true</visible>
            <dataType>
                <localResource exportedWithPermissions="false" xsi:type="dataType">
                    <folder>/organizations/Southwest/CBS/ACAA_Expenses_files/itinerarytype_1_files</folder>
                    <name>number</name>
                    <version>0</version>
                    <label>Number</label>
                    <creationDate>2019-04-29T13:33:24.590Z</creationDate>
                    <updateDate>2019-04-29T13:33:24.590Z</updateDate>
                    <type>2</type>
                    <strictMin>false</strictMin>
                    <strictMax>false</strictMax>
                </localResource>
            </dataType>
        </localResource>
    </inputControl>
    <inputControl>
        <localResource
            xmlns:xsi="http://www.w3.org/2001/XMLSchema-instance"
            exportedWithPermissions="false" xsi:type="inputControl">
            <folder>/organizations/Southwest/CBS/ACAA_Expenses_files</folder>
            <name>paycode_1</name>
            <version>1</version>
            <label>paycode not</label>
            <creationDate>2019-04-29T13:33:24.590Z</creationDate>
            <updateDate>2019-04-29T13:33:24.590Z</updateDate>
            <type>4</type>
            <mandatory>false</mandatory>
            <readOnly>false</readOnly>
            <visible>true</visible>
            <query>
                <localResource exportedWithPermissions="false" xsi:type="query">
                    <folder>/organizations/Southwest/CBS/ACAA_Expenses_files/paycode_1_files</folder>
                    <name>paycode_1</name>
                    <version>0</version>
                    <label>paycode not</label>
                    <creationDate>2019-04-29T13:33:24.590Z</creationDate>
                    <updateDate>2019-04-29T13:33:24.590Z</updateDate>
                    <language>domain</language>
                    <queryString>&lt;?xml version="1.0" encoding="UTF-8"?&gt;
&lt;query xmlns="http://www.jaspersoft.com/2007/SL/XMLSchema"&gt;
  &lt;groupList&gt;
    &lt;group columnName="expensepayout.paycode" /&gt;
  &lt;/groupList&gt;
  &lt;queryFields&gt;
    &lt;queryField id="expensepayout.paycode" /&gt;
  &lt;/queryFields&gt;
&lt;/query&gt;

</queryString>
                    <dataSource>
                        <uri>/organizations/Southwest/V1ACAA_Expenses</uri>
                    </dataSource>
                </localResource>
            </query>
            <queryVisibleColumn>expensepayout.paycode</queryVisibleColumn>
            <queryValueColumn>expensepayout.paycode</queryValueColumn>
        </localResource>
    </inputControl>
    <inputControl>
        <localResource
            xmlns:xsi="http://www.w3.org/2001/XMLSchema-instance"
            exportedWithPermissions="false" xsi:type="inputControl">
            <folder>/organizations/Southwest/CBS/ACAA_Expenses_files</folder>
            <name>cancelreason_1</name>
            <version>1</version>
            <label>cancelreason not </label>
            <creationDate>2019-04-29T13:33:24.590Z</creationDate>
            <updateDate>2019-04-29T13:33:24.590Z</updateDate>
            <type>7</type>
            <mandatory>false</mandatory>
            <readOnly>false</readOnly>
            <visible>true</visible>
            <query>
                <localResource exportedWithPermissions="false" xsi:type="query">
                    <folder>/organizations/Southwest/CBS/ACAA_Expenses_files/cancelreason_1_files</folder>
                    <name>cancelreason_1</name>
                    <version>0</version>
                    <label>cancelreason not </label>
                    <creationDate>2019-04-29T13:33:24.590Z</creationDate>
                    <updateDate>2019-04-29T13:33:24.590Z</updateDate>
                    <language>domain</language>
                    <queryString>&lt;?xml version="1.0" encoding="UTF-8"?&gt;
&lt;query xmlns="http://www.jaspersoft.com/2007/SL/XMLSchema"&gt;
  &lt;groupList&gt;
    &lt;group columnName="expensepayout.cancelreason" /&gt;
  &lt;/groupList&gt;
  &lt;queryFields&gt;
    &lt;queryField id="expensepayout.cancelreason" /&gt;
  &lt;/queryFields&gt;
&lt;/query&gt;

</queryString>
                    <dataSource>
                        <uri>/organizations/Southwest/V1ACAA_Expenses</uri>
                    </dataSource>
                </localResource>
            </query>
            <queryVisibleColumn>expensepayout.cancelreason</queryVisibleColumn>
            <queryValueColumn>expensepayout.cancelreason</queryValueColumn>
        </localResource>
    </inputControl>
    <inputControl>
        <localResource
            xmlns:xsi="http://www.w3.org/2001/XMLSchema-instance"
            exportedWithPermissions="false" xsi:type="inputControl">
            <folder>/organizations/Southwest/CBS/ACAA_Expenses_files</folder>
            <name>TotalFinalAmount_1</name>
            <version>1</version>
            <label>Total Final Amount is greater than</label>
            <creationDate>2019-04-29T13:33:24.590Z</creationDate>
            <updateDate>2019-04-29T13:33:24.590Z</updateDate>
            <type>2</type>
            <mandatory>false</mandatory>
            <readOnly>false</readOnly>
            <visible>true</visible>
            <dataType>
                <localResource exportedWithPermissions="false" xsi:type="dataType">
                    <folder>/organizations/Southwest/CBS/ACAA_Expenses_files/TotalFinalAmount_1_files</folder>
                    <name>number</name>
                    <version>0</version>
                    <label>Number</label>
                    <creationDate>2019-04-29T13:33:24.590Z</creationDate>
                    <updateDate>2019-04-29T13:33:24.590Z</updateDate>
                    <type>2</type>
                    <strictMin>false</strictMin>
                    <strictMax>false</strictMax>
                </localResource>
            </dataType>
        </localResource>
    </inputControl>
    <inputControl>
        <localResource
            xmlns:xsi="http://www.w3.org/2001/XMLSchema-instance"
            exportedWithPermissions="false" xsi:type="inputControl">
            <folder>/organizations/Southwest/CBS/ACAA_Expenses_files</folder>
            <name>USAIGOwes_1</name>
            <version>1</version>
            <label>USAIG Owes is less than</label>
            <creationDate>2019-04-29T13:33:24.590Z</creationDate>
            <updateDate>2019-04-29T13:33:24.590Z</updateDate>
            <type>2</type>
            <mandatory>false</mandatory>
            <readOnly>false</readOnly>
            <visible>true</visible>
            <dataType>
                <localResource exportedWithPermissions="false" xsi:type="dataType">
                    <folder>/organizations/Southwest/CBS/ACAA_Expenses_files/USAIGOwes_1_files</folder>
                    <name>number</name>
                    <version>0</version>
                    <label>Number</label>
                    <creationDate>2019-04-29T13:33:24.590Z</creationDate>
                    <updateDate>2019-04-29T13:33:24.590Z</updateDate>
                    <type>2</type>
                    <strictMin>false</strictMin>
                    <strictMax>false</strictMax>
                </localResource>
            </dataType>
        </localResource>
    </inputControl>
    <inputControl>
        <localResource
            xmlns:xsi="http://www.w3.org/2001/XMLSchema-instance"
            exportedWithPermissions="false" xsi:type="inputControl">
            <folder>/organizations/Southwest/CBS/ACAA_Expenses_files</folder>
            <name>description1_1</name>
            <version>1</version>
            <label>description</label>
            <creationDate>2019-04-29T13:33:24.590Z</creationDate>
            <updateDate>2019-04-29T13:33:24.590Z</updateDate>
            <type>7</type>
            <mandatory>false</mandatory>
            <readOnly>false</readOnly>
            <visible>true</visible>
            <query>
                <localResource exportedWithPermissions="false" xsi:type="query">
                    <folder>/organizations/Southwest/CBS/ACAA_Expenses_files/description1_1_files</folder>
                    <name>description1_1</name>
                    <version>0</version>
                    <label>description</label>
                    <creationDate>2019-04-29T13:33:24.590Z</creationDate>
                    <updateDate>2019-04-29T13:33:24.590Z</updateDate>
                    <language>domain</language>
                    <queryString>&lt;?xml version="1.0" encoding="UTF-8"?&gt;
&lt;query xmlns="http://www.jaspersoft.com/2007/SL/XMLSchema"&gt;
  &lt;groupList&gt;
    &lt;group columnName="category.description1" /&gt;
  &lt;/groupList&gt;
  &lt;queryFields&gt;
    &lt;queryField id="category.description" /&gt;
    &lt;queryField id="category.description1" /&gt;
  &lt;/queryFields&gt;
&lt;/query&gt;

</queryString>
                    <dataSource>
                        <uri>/organizations/Southwest/V1ACAA_Expenses</uri>
                    </dataSource>
                </localResource>
            </query>
            <queryVisibleColumn>category.description1</queryVisibleColumn>
            <queryValueColumn>category.description1</queryValueColumn>
        </localResource>
    </inputControl>
    <resource>
        <localResource
            xmlns:xsi="http://www.w3.org/2001/XMLSchema-instance"
            exportedWithPermissions="false" dataFile="stateXML.data" xsi:type="fileResource">
            <folder>/organizations/Southwest/CBS/ACAA_Expenses_files</folder>
            <name>stateXML</name>
            <version>1</version>
            <label>stateXML</label>
            <creationDate>2019-04-29T13:33:24.590Z</creationDate>
            <updateDate>2019-04-29T13:33:24.590Z</updateDate>
            <fileType>xml</fileType>
        </localResource>
    </resource>
    <resource>
        <localResource
            xmlns:xsi="http://www.w3.org/2001/XMLSchema-instance"
            exportedWithPermissions="false" dataFile="topicJRXML.data" xsi:type="fileResource">
            <folder>/organizations/Southwest/CBS/ACAA_Expenses_files</folder>
            <name>topicJRXML</name>
            <version>0</version>
            <label>topicJRXML</label>
            <creationDate>2019-04-29T13:33:24.590Z</creationDate>
            <updateDate>2019-04-29T13:33:24.590Z</updateDate>
            <fileType>jrxml</fileType>
        </localResource>
    </resource>
    <alwaysPromptControls>false</alwaysPromptControls>
    <controlsLayout>1</controlsLayout>
</adhocDataView>
