<?xml version="1.0" encoding="UTF-8"?>
<reportUnit exportedWithPermissions="true">
    <folder>/organizations/Southwest/CBS</folder>
    <name>Inbound_Claims_by_Type_YoY</name>
    <version>0</version>
    <label>Inbound Claims by Type YoY</label>
    <description>Year over year report by file type</description>
    <creationDate>2019-07-30T13:30:24.423Z</creationDate>
    <updateDate>2019-07-30T13:30:24.423Z</updateDate>
    <mainReport>
        <localResource
            xmlns:xsi="http://www.w3.org/2001/XMLSchema-instance"
            exportedWithPermissions="false"
            dataFile="mainReportJrxml.data" xsi:type="fileResource">
            <folder>/organizations/Southwest/CBS/Inbound_Claims_by_Type_YoY_files</folder>
            <name>mainReportJrxml</name>
            <version>0</version>
            <label>mainReportJrxml</label>
            <creationDate>2019-07-30T13:30:24.423Z</creationDate>
            <updateDate>2019-07-30T13:30:24.423Z</updateDate>
            <fileType>jrxml</fileType>
        </localResource>
    </mainReport>
    <dataSource>
        <uri>/organizations/Southwest/CBS/Ad_Hocs/Inbound_Claims_by_Type___This_Year_vs__Last_Year</uri>
    </dataSource>
    <resource>
        <localResource
            xmlns:xsi="http://www.w3.org/2001/XMLSchema-instance"
            exportedWithPermissions="false" dataFile="stateXML.data" xsi:type="fileResource">
            <folder>/organizations/Southwest/CBS/Inbound_Claims_by_Type_YoY_files</folder>
            <name>stateXML</name>
            <version>0</version>
            <label>stateXML</label>
            <creationDate>2019-07-30T13:30:24.423Z</creationDate>
            <updateDate>2019-07-30T13:30:24.423Z</updateDate>
            <fileType>xml</fileType>
        </localResource>
    </resource>
    <alwaysPromptControls>false</alwaysPromptControls>
    <controlsLayout>1</controlsLayout>
</reportUnit>
