<?xml version="1.0" encoding="UTF-8"?>
<contentResource exportedWithPermissions="true" dataFile="Inbound_Claims_by_Type_This_Year_vs._Last_Year_Report.pdf">
    <folder>/organizations/Southwest/CBS</folder>
    <name>Inbound_Claims_by_Type_This_Year_vs._Last_Year_Report.pdf</name>
    <version>9</version>
    <label>Inbound_Claims_by_Type_This_Year_vs._Last_Year_Report.pdf</label>
    <description>For Weekly Update</description>
    <creationDate>2019-09-09T10:00:24.610Z</creationDate>
    <updateDate>2019-09-09T10:00:24.610Z</updateDate>
    <fileType>pdf</fileType>
</contentResource>
