<?xml version="1.0" encoding="UTF-8"?>
<contentResource exportedWithPermissions="true" dataFile="Incident_And_Payout_Information_Detailed_Report.csv">
    <folder>/organizations/Southwest/CBS</folder>
    <name>Incident_And_Payout_Information_Detailed_Report.csv</name>
    <version>0</version>
    <label>Incident_And_Payout_Information_Detailed_Report.csv</label>
    <creationDate>2019-07-15T13:24:28.722Z</creationDate>
    <updateDate>2019-07-15T13:24:28.722Z</updateDate>
    <fileType>csv</fileType>
</contentResource>
