<?xml version="1.0" encoding="UTF-8"?>
<contentResource exportedWithPermissions="true" dataFile="Incident_and_Payout_Information_Detailed_Report_Last_Month.csv">
    <folder>/organizations/Southwest/CBS</folder>
    <name>Incident_and_Payout_Information_Detailed_Report_Last_Month.csv</name>
    <version>1</version>
    <label>Incident_and_Payout_Information_Detailed_Report_Last_Month.csv</label>
    <description>Last Months Data</description>
    <creationDate>2019-09-04T06:00:36.085Z</creationDate>
    <updateDate>2019-09-04T06:00:36.085Z</updateDate>
    <fileType>csv</fileType>
</contentResource>
