<?xml version="1.0" encoding="UTF-8"?>
<reportUnit exportedWithPermissions="true">
    <folder>/organizations/Southwest/CBS</folder>
    <name>Incidents_That_Became_Claims__by_Month__Report__Scheduled_</name>
    <version>0</version>
    <label>Incidents That Became Claims (by Month) Report (Scheduled)</label>
    <description>Monthly scheduled distribution for Colin Beales</description>
    <creationDate>2019-06-07T19:28:10.315Z</creationDate>
    <updateDate>2019-06-07T19:28:10.315Z</updateDate>
    <mainReport>
        <localResource
            xmlns:xsi="http://www.w3.org/2001/XMLSchema-instance"
            exportedWithPermissions="false"
            dataFile="mainReportJrxml.data" xsi:type="fileResource">
            <folder>/organizations/Southwest/CBS/Incidents_That_Became_Claims__by_Month__Report__Scheduled__files</folder>
            <name>mainReportJrxml</name>
            <version>0</version>
            <label>mainReportJrxml</label>
            <creationDate>2019-06-07T19:28:10.315Z</creationDate>
            <updateDate>2019-06-07T19:28:10.315Z</updateDate>
            <fileType>jrxml</fileType>
        </localResource>
    </mainReport>
    <dataSource>
        <uri>/organizations/Southwest/CBS/Ad_Hocs/PB_Incidents_That_Became_Claims__by_Month_</uri>
    </dataSource>
    <resource>
        <localResource
            xmlns:xsi="http://www.w3.org/2001/XMLSchema-instance"
            exportedWithPermissions="false" dataFile="stateXML.data" xsi:type="fileResource">
            <folder>/organizations/Southwest/CBS/Incidents_That_Became_Claims__by_Month__Report__Scheduled__files</folder>
            <name>stateXML</name>
            <version>0</version>
            <label>stateXML</label>
            <creationDate>2019-06-07T19:28:10.315Z</creationDate>
            <updateDate>2019-06-07T19:28:10.315Z</updateDate>
            <fileType>xml</fileType>
        </localResource>
    </resource>
    <alwaysPromptControls>false</alwaysPromptControls>
    <controlsLayout>1</controlsLayout>
</reportUnit>
