<?xml version="1.0" encoding="UTF-8"?>
<contentResource exportedWithPermissions="true" dataFile="Incidents_That_Became_Claims_by_Month_Report.xls">
    <folder>/organizations/Southwest/CBS</folder>
    <name>Incidents_That_Became_Claims_by_Month_Report.xls</name>
    <version>3</version>
    <label>Incidents_That_Became_Claims_by_Month_Report.xls</label>
    <description>Monthly scheduled report for Colin Beales</description>
    <creationDate>2019-09-10T10:00:18.365Z</creationDate>
    <updateDate>2019-09-10T10:00:18.365Z</updateDate>
    <fileType>xls</fileType>
</contentResource>
