<?xml version="1.0" encoding="UTF-8"?>
<contentResource exportedWithPermissions="true" dataFile="Incident_And_Payout_Information_Detailed_Report_Two_Months_Back.csv">
    <folder>/organizations/Southwest/CBS</folder>
    <name>Incident_And_Payout_Information_Detailed_Report_Two_Months_Back.csv</name>
    <version>3</version>
    <label>Incident_And_Payout_Information_Detailed_Report_Two_Months_Back.csv</label>
    <description>Two Months Previous</description>
    <creationDate>2019-09-04T06:15:22.948Z</creationDate>
    <updateDate>2019-09-04T06:15:22.948Z</updateDate>
    <fileType>csv</fileType>
</contentResource>
