<?xml version="1.0" encoding="UTF-8"?>
<contentResource exportedWithPermissions="true" dataFile="IncidentsThatBecameClaimsbyMonthReportScheduled.xls">
    <folder>/organizations/Southwest/CBS</folder>
    <name>IncidentsThatBecameClaimsbyMonthReportScheduled.xls</name>
    <version>0</version>
    <label>IncidentsThatBecameClaimsbyMonthReportScheduled.xls</label>
    <creationDate>2019-06-10T15:14:45.074Z</creationDate>
    <updateDate>2019-06-10T15:14:45.074Z</updateDate>
    <fileType>xls</fileType>
</contentResource>
