<?xml version="1.0" encoding="UTF-8"?>
<reportUnit exportedWithPermissions="true">
    <folder>/organizations/Southwest/CBS</folder>
    <name>Incident_And_Payout_Information_Detailed_Report</name>
    <version>1</version>
    <label>Incident And Payout Information Detailed Report</label>
    <description>Monthly Scheduled Report for FP&amp;A</description>
    <creationDate>2019-07-10T21:31:34.563Z</creationDate>
    <updateDate>2019-07-11T19:25:59.914Z</updateDate>
    <mainReport>
        <localResource
            xmlns:xsi="http://www.w3.org/2001/XMLSchema-instance"
            exportedWithPermissions="false"
            dataFile="mainReportJrxml.data" xsi:type="fileResource">
            <folder>/organizations/Southwest/CBS/Incident_And_Payout_Information_Detailed_Report_files</folder>
            <name>mainReportJrxml</name>
            <version>0</version>
            <label>mainReportJrxml</label>
            <creationDate>2019-07-10T21:31:34.563Z</creationDate>
            <updateDate>2019-07-10T21:31:34.563Z</updateDate>
            <fileType>jrxml</fileType>
        </localResource>
    </mainReport>
    <dataSource>
        <uri>/organizations/Southwest/CBS/Ad_Hocs/Incident_And_Payout_Information_Detailed</uri>
    </dataSource>
    <resource>
        <localResource
            xmlns:xsi="http://www.w3.org/2001/XMLSchema-instance"
            exportedWithPermissions="false" dataFile="stateXML.data" xsi:type="fileResource">
            <folder>/organizations/Southwest/CBS/Incident_And_Payout_Information_Detailed_Report_files</folder>
            <name>stateXML</name>
            <version>0</version>
            <label>stateXML</label>
            <creationDate>2019-07-10T21:31:34.563Z</creationDate>
            <updateDate>2019-07-10T21:31:34.563Z</updateDate>
            <fileType>xml</fileType>
        </localResource>
    </resource>
    <alwaysPromptControls>false</alwaysPromptControls>
    <controlsLayout>1</controlsLayout>
</reportUnit>
