<?xml version="1.0" encoding="UTF-8"?>
<reportUnit exportedWithPermissions="true">
    <folder>/organizations/Southwest/CBS</folder>
    <name>Station_Tradeout_Items_Report</name>
    <version>0</version>
    <label>Station Tradeout Items Report</label>
    <description></description>
    <creationDate>2019-05-21T13:49:19.237Z</creationDate>
    <updateDate>2019-05-21T13:49:19.237Z</updateDate>
    <mainReport>
        <localResource
            xmlns:xsi="http://www.w3.org/2001/XMLSchema-instance"
            exportedWithPermissions="false"
            dataFile="mainReportJrxml.data" xsi:type="fileResource">
            <folder>/organizations/Southwest/CBS/Station_Tradeout_Items_Report_files</folder>
            <name>mainReportJrxml</name>
            <version>0</version>
            <label>mainReportJrxml</label>
            <creationDate>2019-05-21T13:49:19.237Z</creationDate>
            <updateDate>2019-05-21T13:49:19.237Z</updateDate>
            <fileType>jrxml</fileType>
        </localResource>
    </mainReport>
    <dataSource>
        <uri>/organizations/Southwest/CBS/Ad_Hocs/Station_Tradeout_Items_Report</uri>
    </dataSource>
    <resource>
        <localResource
            xmlns:xsi="http://www.w3.org/2001/XMLSchema-instance"
            exportedWithPermissions="false" dataFile="stateXML.data" xsi:type="fileResource">
            <folder>/organizations/Southwest/CBS/Station_Tradeout_Items_Report_files</folder>
            <name>stateXML</name>
            <version>0</version>
            <label>stateXML</label>
            <creationDate>2019-05-21T13:49:19.237Z</creationDate>
            <updateDate>2019-05-21T13:49:19.237Z</updateDate>
            <fileType>xml</fileType>
        </localResource>
    </resource>
    <alwaysPromptControls>false</alwaysPromptControls>
    <controlsLayout>1</controlsLayout>
</reportUnit>
