<?xml version="1.0" encoding="UTF-8"?>
<semanticLayerDataSource exportedWithPermissions="true">
    <folder>/organizations/Southwest/CBS</folder>
    <name>Wheelchair_Data</name>
    <version>0</version>
    <label>Wheelchair Data</label>
    <description></description>
    <creationDate>2019-04-29T18:57:19.377Z</creationDate>
    <updateDate>2019-04-29T18:57:19.377Z</updateDate>
    <schema>
        <localResource
            xmlns:xsi="http://www.w3.org/2001/XMLSchema-instance"
            exportedWithPermissions="false" dataFile="schema.data" xsi:type="fileResource">
            <folder>/organizations/Southwest/CBS/Wheelchair_Data_files</folder>
            <name>schema</name>
            <version>0</version>
            <label>schema</label>
            <description>schema</description>
            <creationDate>2019-04-29T18:57:19.377Z</creationDate>
            <updateDate>2019-04-29T18:57:19.377Z</updateDate>
            <fileType>xml</fileType>
        </localResource>
    </schema>
    <dataSource>
        <alias>SWA_NetTracer_DB</alias>
        <dataSourceReference>
            <uri>/organizations/Southwest/SWA_NetTracer_DB</uri>
        </dataSourceReference>
    </dataSource>
</semanticLayerDataSource>
