<?xml version="1.0" encoding="UTF-8"?>
<export><property name="pathProcessorId" value="zip"/><property name="rootTenantId" value="organizations"/><property name="jsVersion" value="7.1.0 PRO"/><module id="repositoryResources"><folder>/organizations/Southwest/CBS</folder></module><module id="reportJobs"><report>/organizations/Southwest/CBS/Inbound_Claims_by_Type_-_This_Year_vs._Last_Year_Report</report><report>/organizations/Southwest/CBS/Incident_And_Payout_Information_Detailed_Report</report><report>/organizations/Southwest/CBS/Incidents_and_Payouts_Report__Scheduled_</report><report>/organizations/Southwest/CBS/Incidents_That_Became_Claims__by_Month__Report__Scheduled_</report></module></export>