<?xml version="1.0" encoding="UTF-8"?>
<folder exportedWithPermissions="true">
    <parent>/organizations/Southwest/BagCentral</parent>
    <name>Dashboards</name>
    <label>Dashboards</label>
    <description></description>
    <creationDate>2018-12-09T19:21:08.727Z</creationDate>
    <updateDate>2018-11-29T01:01:31.500Z</updateDate>
    <folder>SubReports</folder>
    <resource>01_Current_File_Assignments</resource>
    <resource>01_StatusCount__Current_File_Assignments365</resource>
    <resource>01a_Current_File_Assignments_3yrs</resource>
    <resource>01a_StatusCount_Current_File_Assignments3Yrs</resource>
    <resource>R05.02_InboundClaims</resource>
    <resource>R06.03_BC_UsersUnacknowledgedTasks</resource>
    <resource>R07.04_BC_ClaimPayoutsByAgent</resource>
    <resource>R08.4a_CBSClaimPayoutsByAgent</resource>
    <resource>R09.05_BagCentralSettlements</resource>
    <resource>R10.06_LZ_UnassignedFiles</resource>
    <resource>R11.07_ClaimSettlementKPIs</resource>
</folder>
