<?xml version="1.0" encoding="UTF-8"?>
<dashboardModelResource exportedWithPermissions="true">
    <folder>/organizations/Southwest/BagCentral/Dashboards</folder>
    <name>R05.02_InboundClaims</name>
    <version>16</version>
    <label>R05.02_InboundClaims</label>
    <creationDate>2019-01-07T02:47:37.149Z</creationDate>
    <updateDate>2019-07-02T13:21:31.918Z</updateDate>
    <defaultFoundation>default</defaultFoundation>
    <foundation>
        <id>default</id>
        <layout>layout</layout>
        <wiring>wiring</wiring>
        <components>components</components>
    </foundation>
    <resourceDescriptor>
        <type>wiring</type>
        <id>wiring</id>
    </resourceDescriptor>
    <resourceDescriptor>
        <type>layout</type>
        <id>layout</id>
    </resourceDescriptor>
    <resourceDescriptor>
        <type>components</type>
        <id>components</id>
    </resourceDescriptor>
    <resourceDescriptor>
        <type>adhocDataView</type>
        <id>/BagCentral/AdHocViews/02_InboundClaims/ClaimsCreatedData</id>
    </resourceDescriptor>
    <resourceDescriptor>
        <type>adhocDataView</type>
        <id>/BagCentral/AdHocViews/02_InboundClaims/ClaimsCreatedSummary</id>
    </resourceDescriptor>
    <resourceDescriptor>
        <type>adhocDataView</type>
        <id>/BagCentral/AdHocViews/02_InboundClaims/ClaimsClosedData</id>
    </resourceDescriptor>
    <resourceDescriptor>
        <type>adhocDataView</type>
        <id>/BagCentral/AdHocViews/02_InboundClaims/ClaimsClosedSummary</id>
    </resourceDescriptor>
    <resourceDescriptor>
        <type>adhocDataView</type>
        <id>/BagCentral/AdHocViews/02_InboundClaims/ClaimsClosedByAgentCount</id>
    </resourceDescriptor>
    <resourceDescriptor>
        <type>inputControl</type>
        <id>/BagCentral/AdHocViews/02_InboundClaims/ClaimsCreatedData_files/sdate</id>
    </resourceDescriptor>
    <resourceDescriptor>
        <type>inputControl</type>
        <id>/BagCentral/AdHocViews/02_InboundClaims/ClaimsCreatedData_files/edate</id>
    </resourceDescriptor>
    <resourceDescriptor>
        <type>inputControl</type>
        <id>/BagCentral/AdHocViews/02_InboundClaims/ClaimsCreatedData_files/CreateType_1</id>
    </resourceDescriptor>
    <resourceDescriptor>
        <type>inputControl</type>
        <id>/BagCentral/AdHocViews/02_InboundClaims/ClaimsClosedByAgentCount_files/AgentName_1</id>
    </resourceDescriptor>
    <resource>
        <localResource
            xmlns:xsi="http://www.w3.org/2001/XMLSchema-instance"
            exportedWithPermissions="false" dataFile="wiring.data" xsi:type="fileResource">
            <folder>/organizations/Southwest/BagCentral/Dashboards/R05.02_InboundClaims_files</folder>
            <name>wiring</name>
            <version>1</version>
            <label>wiring</label>
            <creationDate>2019-07-02T13:21:31.918Z</creationDate>
            <updateDate>2019-07-02T13:21:31.918Z</updateDate>
            <fileType>json</fileType>
        </localResource>
    </resource>
    <resource>
        <localResource
            xmlns:xsi="http://www.w3.org/2001/XMLSchema-instance"
            exportedWithPermissions="false" dataFile="layout" xsi:type="contentResource">
            <folder>/organizations/Southwest/BagCentral/Dashboards/R05.02_InboundClaims_files</folder>
            <name>layout</name>
            <version>1</version>
            <label>layout</label>
            <creationDate>2019-07-02T13:21:31.918Z</creationDate>
            <updateDate>2019-07-02T13:21:31.918Z</updateDate>
            <fileType>html</fileType>
        </localResource>
    </resource>
    <resource>
        <localResource
            xmlns:xsi="http://www.w3.org/2001/XMLSchema-instance"
            exportedWithPermissions="false" dataFile="components.data" xsi:type="fileResource">
            <folder>/organizations/Southwest/BagCentral/Dashboards/R05.02_InboundClaims_files</folder>
            <name>components</name>
            <version>1</version>
            <label>components</label>
            <creationDate>2019-07-02T13:21:31.918Z</creationDate>
            <updateDate>2019-07-02T13:21:31.918Z</updateDate>
            <fileType>dashboardComponent</fileType>
        </localResource>
    </resource>
    <resource>
        <uri>/organizations/Southwest/BagCentral/AdHocViews/02_InboundClaims/ClaimsCreatedData</uri>
    </resource>
    <resource>
        <uri>/organizations/Southwest/BagCentral/AdHocViews/02_InboundClaims/ClaimsCreatedSummary</uri>
    </resource>
    <resource>
        <uri>/organizations/Southwest/BagCentral/AdHocViews/02_InboundClaims/ClaimsClosedData</uri>
    </resource>
    <resource>
        <uri>/organizations/Southwest/BagCentral/AdHocViews/02_InboundClaims/ClaimsClosedSummary</uri>
    </resource>
    <resource>
        <uri>/organizations/Southwest/BagCentral/AdHocViews/02_InboundClaims/ClaimsClosedByAgentCount</uri>
    </resource>
    <resource>
        <localResource
            xmlns:xsi="http://www.w3.org/2001/XMLSchema-instance"
            exportedWithPermissions="false" xsi:type="inputControl">
            <folder>/organizations/Southwest/BagCentral/Dashboards/R05.02_InboundClaims_files</folder>
            <name>sdate</name>
            <version>4</version>
            <label>sdate</label>
            <description></description>
            <creationDate>2019-01-08T02:12:38.684Z</creationDate>
            <updateDate>2019-01-08T02:12:38.684Z</updateDate>
            <type>2</type>
            <mandatory>false</mandatory>
            <readOnly>false</readOnly>
            <visible>true</visible>
            <dataType>
                <localResource exportedWithPermissions="false" xsi:type="dataType">
                    <folder>/organizations/Southwest/BagCentral/Dashboards/R05.02_InboundClaims_files/sdate_files</folder>
                    <name>sdate</name>
                    <version>0</version>
                    <label>sdate</label>
                    <description></description>
                    <creationDate>2019-01-08T02:12:38.684Z</creationDate>
                    <updateDate>2019-01-08T02:12:38.684Z</updateDate>
                    <type>3</type>
                    <strictMin>false</strictMin>
                    <strictMax>false</strictMax>
                </localResource>
            </dataType>
        </localResource>
    </resource>
    <resource>
        <localResource
            xmlns:xsi="http://www.w3.org/2001/XMLSchema-instance"
            exportedWithPermissions="false" xsi:type="inputControl">
            <folder>/organizations/Southwest/BagCentral/Dashboards/R05.02_InboundClaims_files</folder>
            <name>edate</name>
            <version>4</version>
            <label>edate</label>
            <description></description>
            <creationDate>2019-01-08T02:12:38.684Z</creationDate>
            <updateDate>2019-01-08T02:12:38.684Z</updateDate>
            <type>2</type>
            <mandatory>false</mandatory>
            <readOnly>false</readOnly>
            <visible>true</visible>
            <dataType>
                <localResource exportedWithPermissions="false" xsi:type="dataType">
                    <folder>/organizations/Southwest/BagCentral/Dashboards/R05.02_InboundClaims_files/edate_files</folder>
                    <name>edate</name>
                    <version>0</version>
                    <label>edate</label>
                    <description></description>
                    <creationDate>2019-01-08T02:12:38.684Z</creationDate>
                    <updateDate>2019-01-08T02:12:38.684Z</updateDate>
                    <type>3</type>
                    <strictMin>false</strictMin>
                    <strictMax>false</strictMax>
                </localResource>
            </dataType>
        </localResource>
    </resource>
    <resource>
        <localResource
            xmlns:xsi="http://www.w3.org/2001/XMLSchema-instance"
            exportedWithPermissions="false" xsi:type="inputControl">
            <folder>/organizations/Southwest/BagCentral/Dashboards/R05.02_InboundClaims_files</folder>
            <name>CreateType_1</name>
            <version>4</version>
            <label>CreateType_1</label>
            <creationDate>2019-01-08T02:12:38.684Z</creationDate>
            <updateDate>2019-01-08T02:12:38.684Z</updateDate>
            <type>7</type>
            <mandatory>false</mandatory>
            <readOnly>false</readOnly>
            <visible>true</visible>
            <query>
                <localResource exportedWithPermissions="false" xsi:type="query">
                    <folder>/organizations/Southwest/BagCentral/Dashboards/R05.02_InboundClaims_files/CreateType_1_files</folder>
                    <name>CreateType_1</name>
                    <version>0</version>
                    <label>CreateType</label>
                    <creationDate>2019-01-08T02:12:38.684Z</creationDate>
                    <updateDate>2019-01-08T02:12:38.684Z</updateDate>
                    <language>domain</language>
                    <queryString>&lt;?xml version="1.0" encoding="UTF-8"?&gt;
&lt;query xmlns="http://www.jaspersoft.com/2007/SL/XMLSchema"&gt;
  &lt;groupList&gt;
    &lt;group columnName="CreateType" /&gt;
  &lt;/groupList&gt;
  &lt;queryFields&gt;
    &lt;queryField id="CreateType" resourceId="CreateType" /&gt;
    &lt;queryField id="CreateYear" resourceId="CreateYear" /&gt;
    &lt;queryField id="CreateMonth" resourceId="CreateMonth" /&gt;
    &lt;queryField id="CreateDay" resourceId="CreateDay" /&gt;
    &lt;queryField id="incident" resourceId="incident" /&gt;
    &lt;queryField id="CreateDate" resourceId="CreateDate" /&gt;
  &lt;/queryFields&gt;
  &lt;resources&gt;
    &lt;memory id="default"&gt;
      &lt;fieldList&gt;
        &lt;field id="incident" type="java.lang.String"&gt;
          &lt;propertyMap&gt;
            &lt;entry key="adhoc.expression" /&gt;
          &lt;/propertyMap&gt;
        &lt;/field&gt;
        &lt;field id="CreateType" type="java.lang.String" /&gt;
        &lt;field id="CreateDate" type="java.lang.String"&gt;
          &lt;propertyMap&gt;
            &lt;entry key="adhoc.expression" /&gt;
          &lt;/propertyMap&gt;
        &lt;/field&gt;
        &lt;field id="CreateMonth" type="java.lang.String"&gt;
          &lt;propertyMap&gt;
            &lt;entry key="adhoc.expression" /&gt;
          &lt;/propertyMap&gt;
        &lt;/field&gt;
        &lt;field id="CreateYear" type="java.lang.String"&gt;
          &lt;propertyMap&gt;
            &lt;entry key="adhoc.expression" /&gt;
          &lt;/propertyMap&gt;
        &lt;/field&gt;
        &lt;field id="CreateDay" type="java.lang.String"&gt;
          &lt;propertyMap&gt;
            &lt;entry key="adhoc.expression" /&gt;
          &lt;/propertyMap&gt;
        &lt;/field&gt;
      &lt;/fieldList&gt;
      &lt;source&gt;
        &lt;jrQueryDataSet datasourceId="WN_DataSource" maxRows="200001" queryLanguage="SQL"&gt;
          &lt;fieldList&gt;
            &lt;field id="incident" type="java.lang.String"&gt;
              &lt;propertyMap&gt;
                &lt;entry key="aggregateExpression"&gt;
                  &lt;string&gt;CountAll(incident)&lt;/string&gt;
                &lt;/entry&gt;
                &lt;entry key="adhoc.display"&gt;
                  &lt;string&gt;incident&lt;/string&gt;
                &lt;/entry&gt;
                &lt;entry key="com.jaspersoft.studio.field.label"&gt;
                  &lt;string&gt;incident&lt;/string&gt;
                &lt;/entry&gt;
                &lt;entry key="defaultAgg"&gt;
                  &lt;string&gt;CountAll&lt;/string&gt;
                &lt;/entry&gt;
                &lt;entry key="kind"&gt;
                  &lt;string&gt;DIMENSION&lt;/string&gt;
                &lt;/entry&gt;
                &lt;entry key="jr.description" /&gt;
                &lt;entry key="defaultMaskId" /&gt;
                &lt;entry key="defaultMask" /&gt;
                &lt;entry key="com.jaspersoft.studio.field.tree.path"&gt;
                  &lt;string&gt;incident_activity&lt;/string&gt;
                &lt;/entry&gt;
                &lt;entry key="aggregateType"&gt;
                  &lt;string&gt;java.lang.Long&lt;/string&gt;
                &lt;/entry&gt;
              &lt;/propertyMap&gt;
            &lt;/field&gt;
            &lt;field id="CreateType" type="java.lang.String"&gt;
              &lt;propertyMap&gt;
                &lt;entry key="aggregateExpression"&gt;
                  &lt;string&gt;CountAll(CreateType)&lt;/string&gt;
                &lt;/entry&gt;
                &lt;entry key="adhoc.display"&gt;
                  &lt;string&gt;CreateType&lt;/string&gt;
                &lt;/entry&gt;
                &lt;entry key="com.jaspersoft.studio.field.label"&gt;
                  &lt;string&gt;CreateType&lt;/string&gt;
                &lt;/entry&gt;
                &lt;entry key="defaultAgg"&gt;
                  &lt;string&gt;CountAll&lt;/string&gt;
                &lt;/entry&gt;
                &lt;entry key="kind"&gt;
                  &lt;string&gt;DIMENSION&lt;/string&gt;
                &lt;/entry&gt;
                &lt;entry key="jr.description" /&gt;
                &lt;entry key="defaultMaskId" /&gt;
                &lt;entry key="defaultMask" /&gt;
                &lt;entry key="aggregateType"&gt;
                  &lt;string&gt;java.lang.Long&lt;/string&gt;
                &lt;/entry&gt;
              &lt;/propertyMap&gt;
            &lt;/field&gt;
            &lt;field id="CreateDate" type="java.lang.String"&gt;
              &lt;propertyMap&gt;
                &lt;entry key="aggregateExpression"&gt;
                  &lt;string&gt;CountAll(CreateDate)&lt;/string&gt;
                &lt;/entry&gt;
                &lt;entry key="adhoc.display"&gt;
                  &lt;string&gt;CreateDate&lt;/string&gt;
                &lt;/entry&gt;
                &lt;entry key="com.jaspersoft.studio.field.label"&gt;
                  &lt;string&gt;CreateDate&lt;/string&gt;
                &lt;/entry&gt;
                &lt;entry key="defaultAgg"&gt;
                  &lt;string&gt;CountAll&lt;/string&gt;
                &lt;/entry&gt;
                &lt;entry key="kind"&gt;
                  &lt;string&gt;DIMENSION&lt;/string&gt;
                &lt;/entry&gt;
                &lt;entry key="jr.description" /&gt;
                &lt;entry key="defaultMaskId" /&gt;
                &lt;entry key="defaultMask" /&gt;
                &lt;entry key="aggregateType"&gt;
                  &lt;string&gt;java.lang.Long&lt;/string&gt;
                &lt;/entry&gt;
              &lt;/propertyMap&gt;
            &lt;/field&gt;
            &lt;field id="CreateMonth" type="java.lang.String"&gt;
              &lt;propertyMap&gt;
                &lt;entry key="aggregateExpression"&gt;
                  &lt;string&gt;CountAll(CreateMonth)&lt;/string&gt;
                &lt;/entry&gt;
                &lt;entry key="adhoc.display"&gt;
                  &lt;string&gt;CreateMonth&lt;/string&gt;
                &lt;/entry&gt;
                &lt;entry key="com.jaspersoft.studio.field.label"&gt;
                  &lt;string&gt;CreateMonth&lt;/string&gt;
                &lt;/entry&gt;
                &lt;entry key="defaultAgg"&gt;
                  &lt;string&gt;CountAll&lt;/string&gt;
                &lt;/entry&gt;
                &lt;entry key="kind"&gt;
                  &lt;string&gt;DIMENSION&lt;/string&gt;
                &lt;/entry&gt;
                &lt;entry key="jr.description" /&gt;
                &lt;entry key="defaultMaskId" /&gt;
                &lt;entry key="defaultMask" /&gt;
                &lt;entry key="aggregateType"&gt;
                  &lt;string&gt;java.lang.Long&lt;/string&gt;
                &lt;/entry&gt;
              &lt;/propertyMap&gt;
            &lt;/field&gt;
            &lt;field id="CreateYear" type="java.lang.String"&gt;
              &lt;propertyMap&gt;
                &lt;entry key="aggregateExpression"&gt;
                  &lt;string&gt;CountAll(CreateYear)&lt;/string&gt;
                &lt;/entry&gt;
                &lt;entry key="adhoc.display"&gt;
                  &lt;string&gt;CreateYear&lt;/string&gt;
                &lt;/entry&gt;
                &lt;entry key="com.jaspersoft.studio.field.label"&gt;
                  &lt;string&gt;CreateYear&lt;/string&gt;
                &lt;/entry&gt;
                &lt;entry key="defaultAgg"&gt;
                  &lt;string&gt;CountAll&lt;/string&gt;
                &lt;/entry&gt;
                &lt;entry key="kind"&gt;
                  &lt;string&gt;DIMENSION&lt;/string&gt;
                &lt;/entry&gt;
                &lt;entry key="jr.description" /&gt;
                &lt;entry key="defaultMaskId" /&gt;
                &lt;entry key="defaultMask" /&gt;
                &lt;entry key="aggregateType"&gt;
                  &lt;string&gt;java.lang.Long&lt;/string&gt;
                &lt;/entry&gt;
              &lt;/propertyMap&gt;
            &lt;/field&gt;
            &lt;field id="CreateDay" type="java.lang.String"&gt;
              &lt;propertyMap&gt;
                &lt;entry key="aggregateExpression"&gt;
                  &lt;string&gt;CountAll(CreateDay)&lt;/string&gt;
                &lt;/entry&gt;
                &lt;entry key="adhoc.display"&gt;
                  &lt;string&gt;CreateDay&lt;/string&gt;
                &lt;/entry&gt;
                &lt;entry key="com.jaspersoft.studio.field.label"&gt;
                  &lt;string&gt;CreateDay&lt;/string&gt;
                &lt;/entry&gt;
                &lt;entry key="defaultAgg"&gt;
                  &lt;string&gt;CountAll&lt;/string&gt;
                &lt;/entry&gt;
                &lt;entry key="kind"&gt;
                  &lt;string&gt;DIMENSION&lt;/string&gt;
                &lt;/entry&gt;
                &lt;entry key="jr.description" /&gt;
                &lt;entry key="defaultMaskId" /&gt;
                &lt;entry key="defaultMask" /&gt;
                &lt;entry key="aggregateType"&gt;
                  &lt;string&gt;java.lang.Long&lt;/string&gt;
                &lt;/entry&gt;
              &lt;/propertyMap&gt;
            &lt;/field&gt;
          &lt;/fieldList&gt;
          &lt;dsReferenceURI&gt;/adhoc/topics/BagCentral/02_InboundClaims_ClaimCreatedData&lt;/dsReferenceURI&gt;
          &lt;query&gt;select c.incident, 
     (select p.description from itemtype p where p.ItemType_ID = i.itemtype_ID) as CreateType , 
       date_format(c.createDate,'%c/%d/%Y') as CreateDate  , 
	   date_format(c.createDate, '%M') as CreateMonth  , 
       date_format(c.createDate, '%Y')  as CreateYear,
       date_format(c.createDate, '%a')  as CreateDay
    from incident_activity c, incident i
    WHERE 
	   $X{BETWEEN, date(c.createDate), sdate,edate} 
       AND i.Incident_ID = c.incident
    and c.id = (select y.id from incident_activity y where
                  y.incident = i.Incident_ID 
                  order by y.id limit 1)
                  order by c.createDate&lt;/query&gt;
        &lt;/jrQueryDataSet&gt;
      &lt;/source&gt;
    &lt;/memory&gt;
  &lt;/resources&gt;
&lt;/query&gt;

</queryString>
                    <dataSource>
                        <uri>/organizations/Southwest/BagCentral/Datasource/WN_DataSource</uri>
                    </dataSource>
                </localResource>
            </query>
            <queryVisibleColumn>CreateType</queryVisibleColumn>
            <queryValueColumn>CreateType</queryValueColumn>
        </localResource>
    </resource>
    <resource>
        <localResource
            xmlns:xsi="http://www.w3.org/2001/XMLSchema-instance"
            exportedWithPermissions="false" xsi:type="inputControl">
            <folder>/organizations/Southwest/BagCentral/Dashboards/R05.02_InboundClaims_files</folder>
            <name>AgentName_1</name>
            <version>0</version>
            <label>AgentName_1</label>
            <creationDate>2019-07-02T13:21:31.918Z</creationDate>
            <updateDate>2019-07-02T13:21:31.918Z</updateDate>
            <type>7</type>
            <mandatory>false</mandatory>
            <readOnly>false</readOnly>
            <visible>true</visible>
            <query>
                <localResource exportedWithPermissions="false" xsi:type="query">
                    <folder>/organizations/Southwest/BagCentral/Dashboards/R05.02_InboundClaims_files/AgentName_1_files</folder>
                    <name>AgentName_1</name>
                    <version>0</version>
                    <label>AgentName</label>
                    <creationDate>2019-07-02T13:21:31.918Z</creationDate>
                    <updateDate>2019-07-02T13:21:31.918Z</updateDate>
                    <language>domain</language>
                    <queryString>&lt;?xml version="1.0" encoding="UTF-8"?&gt;
&lt;query xmlns="http://www.jaspersoft.com/2007/SL/XMLSchema"&gt;
  &lt;groupList&gt;
    &lt;group columnName="AgentName" /&gt;
  &lt;/groupList&gt;
  &lt;queryFields&gt;
    &lt;queryField id="AgentNumber" resourceId="AgentNumber" /&gt;
    &lt;queryField id="Type" resourceId="Type" /&gt;
    &lt;queryField id="CloseYear" resourceId="CloseYear" /&gt;
    &lt;queryField id="CloseMonth" resourceId="CloseMonth" /&gt;
    &lt;queryField id="CloseDay" resourceId="CloseDay" /&gt;
    &lt;queryField id="AgentName" resourceId="AgentName" /&gt;
    &lt;queryField id="Incident_ID" resourceId="Incident_ID" /&gt;
    &lt;queryField id="CloseDate" resourceId="CloseDate" /&gt;
  &lt;/queryFields&gt;
  &lt;resources&gt;
    &lt;memory id="default"&gt;
      &lt;fieldList&gt;
        &lt;field id="Incident_ID" type="java.lang.String"&gt;
          &lt;propertyMap&gt;
            &lt;entry key="adhoc.expression" /&gt;
          &lt;/propertyMap&gt;
        &lt;/field&gt;
        &lt;field id="Type" type="java.lang.String"&gt;
          &lt;propertyMap&gt;
            &lt;entry key="adhoc.expression" /&gt;
          &lt;/propertyMap&gt;
        &lt;/field&gt;
        &lt;field id="AgentNumber" type="java.lang.String"&gt;
          &lt;propertyMap&gt;
            &lt;entry key="adhoc.expression" /&gt;
          &lt;/propertyMap&gt;
        &lt;/field&gt;
        &lt;field id="AgentName" type="java.lang.String" /&gt;
        &lt;field id="CloseDate" type="java.lang.String"&gt;
          &lt;propertyMap&gt;
            &lt;entry key="adhoc.expression" /&gt;
          &lt;/propertyMap&gt;
        &lt;/field&gt;
        &lt;field id="CloseMonth" type="java.lang.String"&gt;
          &lt;propertyMap&gt;
            &lt;entry key="adhoc.expression" /&gt;
          &lt;/propertyMap&gt;
        &lt;/field&gt;
        &lt;field id="CloseYear" type="java.lang.String"&gt;
          &lt;propertyMap&gt;
            &lt;entry key="adhoc.expression" /&gt;
          &lt;/propertyMap&gt;
        &lt;/field&gt;
        &lt;field id="CloseDay" type="java.lang.String"&gt;
          &lt;propertyMap&gt;
            &lt;entry key="adhoc.expression" /&gt;
          &lt;/propertyMap&gt;
        &lt;/field&gt;
      &lt;/fieldList&gt;
      &lt;sortList&gt;
        &lt;sortColumn columnName="AgentName" /&gt;
      &lt;/sortList&gt;
      &lt;source&gt;
        &lt;jrQueryDataSet datasourceId="WN_DataSource" maxRows="200001" queryLanguage="SQL"&gt;
          &lt;fieldList&gt;
            &lt;field id="Incident_ID" type="java.lang.String"&gt;
              &lt;propertyMap&gt;
                &lt;entry key="aggregateExpression"&gt;
                  &lt;string&gt;CountAll(Incident_ID)&lt;/string&gt;
                &lt;/entry&gt;
                &lt;entry key="adhoc.display"&gt;
                  &lt;string&gt;Incident_ID&lt;/string&gt;
                &lt;/entry&gt;
                &lt;entry key="com.jaspersoft.studio.field.label"&gt;
                  &lt;string&gt;Incident_ID&lt;/string&gt;
                &lt;/entry&gt;
                &lt;entry key="defaultAgg"&gt;
                  &lt;string&gt;CountAll&lt;/string&gt;
                &lt;/entry&gt;
                &lt;entry key="kind"&gt;
                  &lt;string&gt;DIMENSION&lt;/string&gt;
                &lt;/entry&gt;
                &lt;entry key="jr.description" /&gt;
                &lt;entry key="defaultMaskId" /&gt;
                &lt;entry key="defaultMask" /&gt;
                &lt;entry key="com.jaspersoft.studio.field.tree.path"&gt;
                  &lt;string&gt;incident&lt;/string&gt;
                &lt;/entry&gt;
                &lt;entry key="aggregateType"&gt;
                  &lt;string&gt;java.lang.Long&lt;/string&gt;
                &lt;/entry&gt;
              &lt;/propertyMap&gt;
            &lt;/field&gt;
            &lt;field id="Type" type="java.lang.String"&gt;
              &lt;propertyMap&gt;
                &lt;entry key="aggregateExpression"&gt;
                  &lt;string&gt;CountAll(Type)&lt;/string&gt;
                &lt;/entry&gt;
                &lt;entry key="adhoc.display"&gt;
                  &lt;string&gt;Type&lt;/string&gt;
                &lt;/entry&gt;
                &lt;entry key="com.jaspersoft.studio.field.label"&gt;
                  &lt;string&gt;Type&lt;/string&gt;
                &lt;/entry&gt;
                &lt;entry key="defaultAgg"&gt;
                  &lt;string&gt;CountAll&lt;/string&gt;
                &lt;/entry&gt;
                &lt;entry key="kind"&gt;
                  &lt;string&gt;DIMENSION&lt;/string&gt;
                &lt;/entry&gt;
                &lt;entry key="jr.description" /&gt;
                &lt;entry key="defaultMaskId" /&gt;
                &lt;entry key="defaultMask" /&gt;
                &lt;entry key="aggregateType"&gt;
                  &lt;string&gt;java.lang.Long&lt;/string&gt;
                &lt;/entry&gt;
              &lt;/propertyMap&gt;
            &lt;/field&gt;
            &lt;field id="AgentNumber" type="java.lang.String"&gt;
              &lt;propertyMap&gt;
                &lt;entry key="aggregateExpression"&gt;
                  &lt;string&gt;CountAll(AgentNumber)&lt;/string&gt;
                &lt;/entry&gt;
                &lt;entry key="adhoc.display"&gt;
                  &lt;string&gt;AgentNumber&lt;/string&gt;
                &lt;/entry&gt;
                &lt;entry key="com.jaspersoft.studio.field.label"&gt;
                  &lt;string&gt;AgentNumber&lt;/string&gt;
                &lt;/entry&gt;
                &lt;entry key="defaultAgg"&gt;
                  &lt;string&gt;CountAll&lt;/string&gt;
                &lt;/entry&gt;
                &lt;entry key="kind"&gt;
                  &lt;string&gt;DIMENSION&lt;/string&gt;
                &lt;/entry&gt;
                &lt;entry key="jr.description" /&gt;
                &lt;entry key="defaultMaskId" /&gt;
                &lt;entry key="defaultMask" /&gt;
                &lt;entry key="aggregateType"&gt;
                  &lt;string&gt;java.lang.Long&lt;/string&gt;
                &lt;/entry&gt;
              &lt;/propertyMap&gt;
            &lt;/field&gt;
            &lt;field id="AgentName" type="java.lang.String"&gt;
              &lt;propertyMap&gt;
                &lt;entry key="aggregateExpression"&gt;
                  &lt;string&gt;CountAll(AgentName)&lt;/string&gt;
                &lt;/entry&gt;
                &lt;entry key="adhoc.display"&gt;
                  &lt;string&gt;AgentName&lt;/string&gt;
                &lt;/entry&gt;
                &lt;entry key="com.jaspersoft.studio.field.label"&gt;
                  &lt;string&gt;AgentName&lt;/string&gt;
                &lt;/entry&gt;
                &lt;entry key="defaultAgg"&gt;
                  &lt;string&gt;CountAll&lt;/string&gt;
                &lt;/entry&gt;
                &lt;entry key="kind"&gt;
                  &lt;string&gt;DIMENSION&lt;/string&gt;
                &lt;/entry&gt;
                &lt;entry key="jr.description" /&gt;
                &lt;entry key="defaultMaskId" /&gt;
                &lt;entry key="defaultMask" /&gt;
                &lt;entry key="aggregateType"&gt;
                  &lt;string&gt;java.lang.Long&lt;/string&gt;
                &lt;/entry&gt;
              &lt;/propertyMap&gt;
            &lt;/field&gt;
            &lt;field id="CloseDate" type="java.lang.String"&gt;
              &lt;propertyMap&gt;
                &lt;entry key="aggregateExpression"&gt;
                  &lt;string&gt;CountAll(CloseDate)&lt;/string&gt;
                &lt;/entry&gt;
                &lt;entry key="adhoc.display"&gt;
                  &lt;string&gt;CloseDate&lt;/string&gt;
                &lt;/entry&gt;
                &lt;entry key="com.jaspersoft.studio.field.label"&gt;
                  &lt;string&gt;CloseDate&lt;/string&gt;
                &lt;/entry&gt;
                &lt;entry key="defaultAgg"&gt;
                  &lt;string&gt;CountAll&lt;/string&gt;
                &lt;/entry&gt;
                &lt;entry key="kind"&gt;
                  &lt;string&gt;DIMENSION&lt;/string&gt;
                &lt;/entry&gt;
                &lt;entry key="jr.description" /&gt;
                &lt;entry key="defaultMaskId" /&gt;
                &lt;entry key="defaultMask" /&gt;
                &lt;entry key="aggregateType"&gt;
                  &lt;string&gt;java.lang.Long&lt;/string&gt;
                &lt;/entry&gt;
              &lt;/propertyMap&gt;
            &lt;/field&gt;
            &lt;field id="CloseMonth" type="java.lang.String"&gt;
              &lt;propertyMap&gt;
                &lt;entry key="aggregateExpression"&gt;
                  &lt;string&gt;CountAll(CloseMonth)&lt;/string&gt;
                &lt;/entry&gt;
                &lt;entry key="adhoc.display"&gt;
                  &lt;string&gt;CloseMonth&lt;/string&gt;
                &lt;/entry&gt;
                &lt;entry key="com.jaspersoft.studio.field.label"&gt;
                  &lt;string&gt;CloseMonth&lt;/string&gt;
                &lt;/entry&gt;
                &lt;entry key="defaultAgg"&gt;
                  &lt;string&gt;CountAll&lt;/string&gt;
                &lt;/entry&gt;
                &lt;entry key="kind"&gt;
                  &lt;string&gt;DIMENSION&lt;/string&gt;
                &lt;/entry&gt;
                &lt;entry key="jr.description" /&gt;
                &lt;entry key="defaultMaskId" /&gt;
                &lt;entry key="defaultMask" /&gt;
                &lt;entry key="aggregateType"&gt;
                  &lt;string&gt;java.lang.Long&lt;/string&gt;
                &lt;/entry&gt;
              &lt;/propertyMap&gt;
            &lt;/field&gt;
            &lt;field id="CloseYear" type="java.lang.String"&gt;
              &lt;propertyMap&gt;
                &lt;entry key="aggregateExpression"&gt;
                  &lt;string&gt;CountAll(CloseYear)&lt;/string&gt;
                &lt;/entry&gt;
                &lt;entry key="adhoc.display"&gt;
                  &lt;string&gt;CloseYear&lt;/string&gt;
                &lt;/entry&gt;
                &lt;entry key="com.jaspersoft.studio.field.label"&gt;
                  &lt;string&gt;CloseYear&lt;/string&gt;
                &lt;/entry&gt;
                &lt;entry key="defaultAgg"&gt;
                  &lt;string&gt;CountAll&lt;/string&gt;
                &lt;/entry&gt;
                &lt;entry key="kind"&gt;
                  &lt;string&gt;DIMENSION&lt;/string&gt;
                &lt;/entry&gt;
                &lt;entry key="jr.description" /&gt;
                &lt;entry key="defaultMaskId" /&gt;
                &lt;entry key="defaultMask" /&gt;
                &lt;entry key="aggregateType"&gt;
                  &lt;string&gt;java.lang.Long&lt;/string&gt;
                &lt;/entry&gt;
              &lt;/propertyMap&gt;
            &lt;/field&gt;
            &lt;field id="CloseDay" type="java.lang.String"&gt;
              &lt;propertyMap&gt;
                &lt;entry key="aggregateExpression"&gt;
                  &lt;string&gt;CountAll(CloseDay)&lt;/string&gt;
                &lt;/entry&gt;
                &lt;entry key="adhoc.display"&gt;
                  &lt;string&gt;CloseDay&lt;/string&gt;
                &lt;/entry&gt;
                &lt;entry key="com.jaspersoft.studio.field.label"&gt;
                  &lt;string&gt;CloseDay&lt;/string&gt;
                &lt;/entry&gt;
                &lt;entry key="defaultAgg"&gt;
                  &lt;string&gt;CountAll&lt;/string&gt;
                &lt;/entry&gt;
                &lt;entry key="kind"&gt;
                  &lt;string&gt;DIMENSION&lt;/string&gt;
                &lt;/entry&gt;
                &lt;entry key="jr.description" /&gt;
                &lt;entry key="defaultMaskId" /&gt;
                &lt;entry key="defaultMask" /&gt;
                &lt;entry key="aggregateType"&gt;
                  &lt;string&gt;java.lang.Long&lt;/string&gt;
                &lt;/entry&gt;
              &lt;/propertyMap&gt;
            &lt;/field&gt;
          &lt;/fieldList&gt;
          &lt;dsReferenceURI&gt;/adhoc/topics/BagCentral/02_InboundClaims_ClaimClosedData&lt;/dsReferenceURI&gt;
          &lt;query&gt;select i.Incident_ID, 
       (select p.description from itemtype p where p.ItemType_ID = i.itemtype_ID) as Type, 
       (select a.username from agent a where a.Agent_ID = i.agentassigned_ID) as AgentNumber,
       (select a.lastname from agent a where a.Agent_ID = i.agentassigned_ID) as AgentName,
        date_format(i.close_date ,'%c/%d/%Y') as CloseDate, date_format(i.close_date, '%M') as CloseMonth, 
        date_format(i.Close_Date, '%Y') as CloseYear, date_format(i.close_date, '%a') as CloseDay
from incident i
WHERE 
    $X{BETWEEN, date(i.Close_Date), sdate,edate}
    AND i.stationassigned_ID = 6&lt;/query&gt;
        &lt;/jrQueryDataSet&gt;
      &lt;/source&gt;
    &lt;/memory&gt;
  &lt;/resources&gt;
&lt;/query&gt;

</queryString>
                    <dataSource>
                        <uri>/organizations/Southwest/BagCentral/Datasource/WN_DataSource</uri>
                    </dataSource>
                </localResource>
            </query>
            <queryVisibleColumn>AgentName</queryVisibleColumn>
            <queryValueColumn>AgentName</queryValueColumn>
        </localResource>
    </resource>
</dashboardModelResource>
