<?xml version="1.0" encoding="UTF-8"?>
<dashboardModelResource exportedWithPermissions="true">
    <folder>/organizations/Southwest/BagCentral/Dashboards</folder>
    <name>R06.03_BC_UsersUnacknowledgedTasks</name>
    <version>10</version>
    <label>R06.03_BC_UsersUnacknowledgedTasks</label>
    <creationDate>2019-01-08T01:46:20.721Z</creationDate>
    <updateDate>2019-01-08T02:07:03.800Z</updateDate>
    <defaultFoundation>default</defaultFoundation>
    <foundation>
        <id>default</id>
        <layout>layout</layout>
        <wiring>wiring</wiring>
        <components>components</components>
    </foundation>
    <resourceDescriptor>
        <type>wiring</type>
        <id>wiring</id>
    </resourceDescriptor>
    <resourceDescriptor>
        <type>layout</type>
        <id>layout</id>
    </resourceDescriptor>
    <resourceDescriptor>
        <type>components</type>
        <id>components</id>
    </resourceDescriptor>
    <resourceDescriptor>
        <type>adhocDataView</type>
        <id>/BagCentral/AdHocViews/03_BC_UsersUnacknowledgedTasks/TasksData</id>
    </resourceDescriptor>
    <resourceDescriptor>
        <type>adhocDataView</type>
        <id>/BagCentral/AdHocViews/03_BC_UsersUnacknowledgedTasks/UnAckTaskSummary</id>
    </resourceDescriptor>
    <resourceDescriptor>
        <type>adhocDataView</type>
        <id>/BagCentral/AdHocViews/03_BC_UsersUnacknowledgedTasks/TaskSummaryByType</id>
    </resourceDescriptor>
    <resourceDescriptor>
        <type>adhocDataView</type>
        <id>/BagCentral/AdHocViews/03_BC_UsersUnacknowledgedTasks/TasksSummaryByCodes</id>
    </resourceDescriptor>
    <resourceDescriptor>
        <type>adhocDataView</type>
        <id>/BagCentral/AdHocViews/03_BC_UsersUnacknowledgedTasks/TaskSummaryByStatus</id>
    </resourceDescriptor>
    <resourceDescriptor>
        <type>adhocDataView</type>
        <id>/BagCentral/AdHocViews/03_BC_UsersUnacknowledgedTasks/TaskSummaryByFirstName</id>
    </resourceDescriptor>
    <resourceDescriptor>
        <type>inputControl</type>
        <id>/BagCentral/AdHocViews/03_BC_UsersUnacknowledgedTasks/TasksData_files/sdate</id>
    </resourceDescriptor>
    <resourceDescriptor>
        <type>inputControl</type>
        <id>/BagCentral/AdHocViews/03_BC_UsersUnacknowledgedTasks/TasksData_files/edate</id>
    </resourceDescriptor>
    <resourceDescriptor>
        <type>inputControl</type>
        <id>/BagCentral/AdHocViews/03_BC_UsersUnacknowledgedTasks/TasksData_files/Code_1</id>
    </resourceDescriptor>
    <resourceDescriptor>
        <type>inputControl</type>
        <id>/BagCentral/AdHocViews/03_BC_UsersUnacknowledgedTasks/TasksData_files/Type_1</id>
    </resourceDescriptor>
    <resourceDescriptor>
        <type>inputControl</type>
        <id>/BagCentral/AdHocViews/03_BC_UsersUnacknowledgedTasks/TasksData_files/Status_1</id>
    </resourceDescriptor>
    <resourceDescriptor>
        <type>inputControl</type>
        <id>/BagCentral/AdHocViews/03_BC_UsersUnacknowledgedTasks/TasksData_files/firstname_1</id>
    </resourceDescriptor>
    <resource>
        <localResource
            xmlns:xsi="http://www.w3.org/2001/XMLSchema-instance"
            exportedWithPermissions="false" dataFile="wiring.data" xsi:type="fileResource">
            <folder>/organizations/Southwest/BagCentral/Dashboards/R06.03_BC_UsersUnacknowledgedTasks_files</folder>
            <name>wiring</name>
            <version>1</version>
            <label>wiring</label>
            <creationDate>2019-01-08T02:07:03.800Z</creationDate>
            <updateDate>2019-01-08T02:07:03.800Z</updateDate>
            <fileType>json</fileType>
        </localResource>
    </resource>
    <resource>
        <localResource
            xmlns:xsi="http://www.w3.org/2001/XMLSchema-instance"
            exportedWithPermissions="false" dataFile="layout" xsi:type="contentResource">
            <folder>/organizations/Southwest/BagCentral/Dashboards/R06.03_BC_UsersUnacknowledgedTasks_files</folder>
            <name>layout</name>
            <version>1</version>
            <label>layout</label>
            <creationDate>2019-01-08T02:07:03.800Z</creationDate>
            <updateDate>2019-01-08T02:07:03.800Z</updateDate>
            <fileType>html</fileType>
        </localResource>
    </resource>
    <resource>
        <localResource
            xmlns:xsi="http://www.w3.org/2001/XMLSchema-instance"
            exportedWithPermissions="false" dataFile="components.data" xsi:type="fileResource">
            <folder>/organizations/Southwest/BagCentral/Dashboards/R06.03_BC_UsersUnacknowledgedTasks_files</folder>
            <name>components</name>
            <version>1</version>
            <label>components</label>
            <creationDate>2019-01-08T02:07:03.800Z</creationDate>
            <updateDate>2019-01-08T02:07:03.800Z</updateDate>
            <fileType>dashboardComponent</fileType>
        </localResource>
    </resource>
    <resource>
        <uri>/organizations/Southwest/BagCentral/AdHocViews/03_BC_UsersUnacknowledgedTasks/TasksData</uri>
    </resource>
    <resource>
        <uri>/organizations/Southwest/BagCentral/AdHocViews/03_BC_UsersUnacknowledgedTasks/UnAckTaskSummary</uri>
    </resource>
    <resource>
        <uri>/organizations/Southwest/BagCentral/AdHocViews/03_BC_UsersUnacknowledgedTasks/TaskSummaryByType</uri>
    </resource>
    <resource>
        <uri>/organizations/Southwest/BagCentral/AdHocViews/03_BC_UsersUnacknowledgedTasks/TasksSummaryByCodes</uri>
    </resource>
    <resource>
        <uri>/organizations/Southwest/BagCentral/AdHocViews/03_BC_UsersUnacknowledgedTasks/TaskSummaryByStatus</uri>
    </resource>
    <resource>
        <uri>/organizations/Southwest/BagCentral/AdHocViews/03_BC_UsersUnacknowledgedTasks/TaskSummaryByFirstName</uri>
    </resource>
    <resource>
        <localResource
            xmlns:xsi="http://www.w3.org/2001/XMLSchema-instance"
            exportedWithPermissions="false" xsi:type="inputControl">
            <folder>/organizations/Southwest/BagCentral/Dashboards/R06.03_BC_UsersUnacknowledgedTasks_files</folder>
            <name>sdate</name>
            <version>6</version>
            <label>sdate</label>
            <description></description>
            <creationDate>2019-01-08T01:57:05.597Z</creationDate>
            <updateDate>2019-01-08T01:57:05.597Z</updateDate>
            <type>2</type>
            <mandatory>false</mandatory>
            <readOnly>false</readOnly>
            <visible>true</visible>
            <dataType>
                <localResource exportedWithPermissions="false" xsi:type="dataType">
                    <folder>/organizations/Southwest/BagCentral/Dashboards/R06.03_BC_UsersUnacknowledgedTasks_files/sdate_files</folder>
                    <name>sdate</name>
                    <version>0</version>
                    <label>sdate</label>
                    <description></description>
                    <creationDate>2019-01-08T01:57:05.597Z</creationDate>
                    <updateDate>2019-01-08T01:57:05.597Z</updateDate>
                    <type>3</type>
                    <strictMin>false</strictMin>
                    <strictMax>false</strictMax>
                </localResource>
            </dataType>
        </localResource>
    </resource>
    <resource>
        <localResource
            xmlns:xsi="http://www.w3.org/2001/XMLSchema-instance"
            exportedWithPermissions="false" xsi:type="inputControl">
            <folder>/organizations/Southwest/BagCentral/Dashboards/R06.03_BC_UsersUnacknowledgedTasks_files</folder>
            <name>edate</name>
            <version>6</version>
            <label>edate</label>
            <description></description>
            <creationDate>2019-01-08T01:57:05.597Z</creationDate>
            <updateDate>2019-01-08T01:57:05.597Z</updateDate>
            <type>2</type>
            <mandatory>false</mandatory>
            <readOnly>false</readOnly>
            <visible>true</visible>
            <dataType>
                <localResource exportedWithPermissions="false" xsi:type="dataType">
                    <folder>/organizations/Southwest/BagCentral/Dashboards/R06.03_BC_UsersUnacknowledgedTasks_files/edate_files</folder>
                    <name>edate</name>
                    <version>0</version>
                    <label>edate</label>
                    <description></description>
                    <creationDate>2019-01-08T01:57:05.597Z</creationDate>
                    <updateDate>2019-01-08T01:57:05.597Z</updateDate>
                    <type>3</type>
                    <strictMin>false</strictMin>
                    <strictMax>false</strictMax>
                </localResource>
            </dataType>
        </localResource>
    </resource>
    <resource>
        <localResource
            xmlns:xsi="http://www.w3.org/2001/XMLSchema-instance"
            exportedWithPermissions="false" xsi:type="inputControl">
            <folder>/organizations/Southwest/BagCentral/Dashboards/R06.03_BC_UsersUnacknowledgedTasks_files</folder>
            <name>Code_1</name>
            <version>6</version>
            <label>Code_1</label>
            <creationDate>2019-01-08T01:57:05.597Z</creationDate>
            <updateDate>2019-01-08T01:57:05.597Z</updateDate>
            <type>7</type>
            <mandatory>false</mandatory>
            <readOnly>false</readOnly>
            <visible>true</visible>
            <query>
                <localResource exportedWithPermissions="false" xsi:type="query">
                    <folder>/organizations/Southwest/BagCentral/Dashboards/R06.03_BC_UsersUnacknowledgedTasks_files/Code_1_files</folder>
                    <name>Code_1</name>
                    <version>0</version>
                    <label>Code</label>
                    <creationDate>2019-01-08T01:57:05.597Z</creationDate>
                    <updateDate>2019-01-08T01:57:05.597Z</updateDate>
                    <language>domain</language>
                    <queryString>&lt;?xml version="1.0" encoding="UTF-8"?&gt;
&lt;query xmlns="http://www.jaspersoft.com/2007/SL/XMLSchema"&gt;
  &lt;groupList&gt;
    &lt;group columnName="Code" /&gt;
  &lt;/groupList&gt;
  &lt;queryFields&gt;
    &lt;queryField id="Status" resourceId="Status" /&gt;
    &lt;queryField id="Type" resourceId="Type" /&gt;
    &lt;queryField id="firstname" resourceId="firstname" /&gt;
    &lt;queryField id="Incident_ID" resourceId="Incident_ID" /&gt;
    &lt;queryField id="Code" resourceId="Code" /&gt;
    &lt;queryField id="Date" resourceId="Date" /&gt;
    &lt;queryField id="lastname" resourceId="lastname" /&gt;
  &lt;/queryFields&gt;
  &lt;resources&gt;
    &lt;memory id="default"&gt;
      &lt;fieldList&gt;
        &lt;field id="Code" type="java.lang.Long" /&gt;
        &lt;field id="Incident_ID" type="java.lang.String"&gt;
          &lt;propertyMap&gt;
            &lt;entry key="adhoc.expression" /&gt;
          &lt;/propertyMap&gt;
        &lt;/field&gt;
        &lt;field id="Type" type="java.lang.String"&gt;
          &lt;propertyMap&gt;
            &lt;entry key="adhoc.expression" /&gt;
          &lt;/propertyMap&gt;
        &lt;/field&gt;
        &lt;field id="Status" type="java.lang.String"&gt;
          &lt;propertyMap&gt;
            &lt;entry key="adhoc.expression" /&gt;
          &lt;/propertyMap&gt;
        &lt;/field&gt;
        &lt;field id="firstname" type="java.lang.String"&gt;
          &lt;propertyMap&gt;
            &lt;entry key="adhoc.expression" /&gt;
          &lt;/propertyMap&gt;
        &lt;/field&gt;
        &lt;field id="lastname" type="java.lang.String"&gt;
          &lt;propertyMap&gt;
            &lt;entry key="adhoc.expression" /&gt;
          &lt;/propertyMap&gt;
        &lt;/field&gt;
        &lt;field id="Date" type="java.sql.Timestamp"&gt;
          &lt;propertyMap&gt;
            &lt;entry key="adhoc.expression" /&gt;
          &lt;/propertyMap&gt;
        &lt;/field&gt;
      &lt;/fieldList&gt;
      &lt;source&gt;
        &lt;jrQueryDataSet datasourceId="WN_DataSource" maxRows="200001" queryLanguage="SQL"&gt;
          &lt;fieldList&gt;
            &lt;field id="Code" type="java.lang.Long"&gt;
              &lt;propertyMap&gt;
                &lt;entry key="aggregateExpression"&gt;
                  &lt;string&gt;Sum(Code)&lt;/string&gt;
                &lt;/entry&gt;
                &lt;entry key="adhoc.display"&gt;
                  &lt;string&gt;Code&lt;/string&gt;
                &lt;/entry&gt;
                &lt;entry key="com.jaspersoft.studio.field.label"&gt;
                  &lt;string&gt;Code&lt;/string&gt;
                &lt;/entry&gt;
                &lt;entry key="defaultAgg"&gt;
                  &lt;string&gt;Sum&lt;/string&gt;
                &lt;/entry&gt;
                &lt;entry key="kind"&gt;
                  &lt;string&gt;MEASURE&lt;/string&gt;
                &lt;/entry&gt;
                &lt;entry key="jr.description" /&gt;
                &lt;entry key="defaultMaskId"&gt;
                  &lt;string&gt;ADH_100_MASK_int_0&lt;/string&gt;
                &lt;/entry&gt;
                &lt;entry key="defaultMask"&gt;
                  &lt;string&gt;#,##0&lt;/string&gt;
                &lt;/entry&gt;
                &lt;entry key="aggregateType"&gt;
                  &lt;string&gt;java.lang.Long&lt;/string&gt;
                &lt;/entry&gt;
              &lt;/propertyMap&gt;
            &lt;/field&gt;
            &lt;field id="Incident_ID" type="java.lang.String"&gt;
              &lt;propertyMap&gt;
                &lt;entry key="aggregateExpression"&gt;
                  &lt;string&gt;CountAll(Incident_ID)&lt;/string&gt;
                &lt;/entry&gt;
                &lt;entry key="adhoc.display"&gt;
                  &lt;string&gt;Incident_ID&lt;/string&gt;
                &lt;/entry&gt;
                &lt;entry key="com.jaspersoft.studio.field.label"&gt;
                  &lt;string&gt;Incident_ID&lt;/string&gt;
                &lt;/entry&gt;
                &lt;entry key="defaultAgg"&gt;
                  &lt;string&gt;CountAll&lt;/string&gt;
                &lt;/entry&gt;
                &lt;entry key="kind"&gt;
                  &lt;string&gt;DIMENSION&lt;/string&gt;
                &lt;/entry&gt;
                &lt;entry key="jr.description" /&gt;
                &lt;entry key="defaultMaskId" /&gt;
                &lt;entry key="defaultMask" /&gt;
                &lt;entry key="com.jaspersoft.studio.field.tree.path"&gt;
                  &lt;string&gt;incident&lt;/string&gt;
                &lt;/entry&gt;
                &lt;entry key="aggregateType"&gt;
                  &lt;string&gt;java.lang.Long&lt;/string&gt;
                &lt;/entry&gt;
              &lt;/propertyMap&gt;
            &lt;/field&gt;
            &lt;field id="Type" type="java.lang.String"&gt;
              &lt;propertyMap&gt;
                &lt;entry key="aggregateExpression"&gt;
                  &lt;string&gt;CountAll(Type)&lt;/string&gt;
                &lt;/entry&gt;
                &lt;entry key="adhoc.display"&gt;
                  &lt;string&gt;Type&lt;/string&gt;
                &lt;/entry&gt;
                &lt;entry key="com.jaspersoft.studio.field.label"&gt;
                  &lt;string&gt;Type&lt;/string&gt;
                &lt;/entry&gt;
                &lt;entry key="defaultAgg"&gt;
                  &lt;string&gt;CountAll&lt;/string&gt;
                &lt;/entry&gt;
                &lt;entry key="kind"&gt;
                  &lt;string&gt;DIMENSION&lt;/string&gt;
                &lt;/entry&gt;
                &lt;entry key="jr.description" /&gt;
                &lt;entry key="defaultMaskId" /&gt;
                &lt;entry key="defaultMask" /&gt;
                &lt;entry key="aggregateType"&gt;
                  &lt;string&gt;java.lang.Long&lt;/string&gt;
                &lt;/entry&gt;
              &lt;/propertyMap&gt;
            &lt;/field&gt;
            &lt;field id="Status" type="java.lang.String"&gt;
              &lt;propertyMap&gt;
                &lt;entry key="aggregateExpression"&gt;
                  &lt;string&gt;CountAll(Status)&lt;/string&gt;
                &lt;/entry&gt;
                &lt;entry key="adhoc.display"&gt;
                  &lt;string&gt;Status&lt;/string&gt;
                &lt;/entry&gt;
                &lt;entry key="com.jaspersoft.studio.field.label"&gt;
                  &lt;string&gt;Status&lt;/string&gt;
                &lt;/entry&gt;
                &lt;entry key="defaultAgg"&gt;
                  &lt;string&gt;CountAll&lt;/string&gt;
                &lt;/entry&gt;
                &lt;entry key="kind"&gt;
                  &lt;string&gt;DIMENSION&lt;/string&gt;
                &lt;/entry&gt;
                &lt;entry key="jr.description" /&gt;
                &lt;entry key="defaultMaskId" /&gt;
                &lt;entry key="defaultMask" /&gt;
                &lt;entry key="aggregateType"&gt;
                  &lt;string&gt;java.lang.Long&lt;/string&gt;
                &lt;/entry&gt;
              &lt;/propertyMap&gt;
            &lt;/field&gt;
            &lt;field id="firstname" type="java.lang.String"&gt;
              &lt;propertyMap&gt;
                &lt;entry key="aggregateExpression"&gt;
                  &lt;string&gt;CountAll(firstname)&lt;/string&gt;
                &lt;/entry&gt;
                &lt;entry key="adhoc.display"&gt;
                  &lt;string&gt;firstname&lt;/string&gt;
                &lt;/entry&gt;
                &lt;entry key="com.jaspersoft.studio.field.label"&gt;
                  &lt;string&gt;firstname&lt;/string&gt;
                &lt;/entry&gt;
                &lt;entry key="defaultAgg"&gt;
                  &lt;string&gt;CountAll&lt;/string&gt;
                &lt;/entry&gt;
                &lt;entry key="kind"&gt;
                  &lt;string&gt;DIMENSION&lt;/string&gt;
                &lt;/entry&gt;
                &lt;entry key="jr.description" /&gt;
                &lt;entry key="defaultMaskId" /&gt;
                &lt;entry key="defaultMask" /&gt;
                &lt;entry key="com.jaspersoft.studio.field.tree.path"&gt;
                  &lt;string&gt;agent&lt;/string&gt;
                &lt;/entry&gt;
                &lt;entry key="aggregateType"&gt;
                  &lt;string&gt;java.lang.Long&lt;/string&gt;
                &lt;/entry&gt;
              &lt;/propertyMap&gt;
            &lt;/field&gt;
            &lt;field id="lastname" type="java.lang.String"&gt;
              &lt;propertyMap&gt;
                &lt;entry key="aggregateExpression"&gt;
                  &lt;string&gt;CountAll(lastname)&lt;/string&gt;
                &lt;/entry&gt;
                &lt;entry key="adhoc.display"&gt;
                  &lt;string&gt;lastname&lt;/string&gt;
                &lt;/entry&gt;
                &lt;entry key="com.jaspersoft.studio.field.label"&gt;
                  &lt;string&gt;lastname&lt;/string&gt;
                &lt;/entry&gt;
                &lt;entry key="defaultAgg"&gt;
                  &lt;string&gt;CountAll&lt;/string&gt;
                &lt;/entry&gt;
                &lt;entry key="kind"&gt;
                  &lt;string&gt;DIMENSION&lt;/string&gt;
                &lt;/entry&gt;
                &lt;entry key="jr.description" /&gt;
                &lt;entry key="defaultMaskId" /&gt;
                &lt;entry key="defaultMask" /&gt;
                &lt;entry key="com.jaspersoft.studio.field.tree.path"&gt;
                  &lt;string&gt;agent&lt;/string&gt;
                &lt;/entry&gt;
                &lt;entry key="aggregateType"&gt;
                  &lt;string&gt;java.lang.Long&lt;/string&gt;
                &lt;/entry&gt;
              &lt;/propertyMap&gt;
            &lt;/field&gt;
            &lt;field id="Date" type="java.sql.Timestamp"&gt;
              &lt;propertyMap&gt;
                &lt;entry key="aggregateExpression"&gt;
                  &lt;string&gt;CountAll(Date)&lt;/string&gt;
                &lt;/entry&gt;
                &lt;entry key="adhoc.display"&gt;
                  &lt;string&gt;Date&lt;/string&gt;
                &lt;/entry&gt;
                &lt;entry key="com.jaspersoft.studio.field.label"&gt;
                  &lt;string&gt;Date&lt;/string&gt;
                &lt;/entry&gt;
                &lt;entry key="defaultAgg"&gt;
                  &lt;string&gt;CountAll&lt;/string&gt;
                &lt;/entry&gt;
                &lt;entry key="kind"&gt;
                  &lt;string&gt;DIMENSION&lt;/string&gt;
                &lt;/entry&gt;
                &lt;entry key="jr.description" /&gt;
                &lt;entry key="defaultMaskId"&gt;
                  &lt;string&gt;ADH_100_MASK_timestamp_0&lt;/string&gt;
                &lt;/entry&gt;
                &lt;entry key="defaultMask"&gt;
                  &lt;string&gt;medium,hide&lt;/string&gt;
                &lt;/entry&gt;
                &lt;entry key="aggregateType"&gt;
                  &lt;string&gt;java.lang.Long&lt;/string&gt;
                &lt;/entry&gt;
              &lt;/propertyMap&gt;
            &lt;/field&gt;
          &lt;/fieldList&gt;
          &lt;dsReferenceURI&gt;/adhoc/topics/BagCentral/03_BC_UsersUnacknowledgedTasks&lt;/dsReferenceURI&gt;
          &lt;query&gt;select (select c.activity from incident_activity c where c.incident = i.Incident_ID order by c.id desc limit 1) as "Code", i.Incident_ID, 
		(select t.description from itemtype t where t.ItemType_ID = i.itemtype_ID) as "Type", 
		(select status.description from status where status.Status_ID = i.status_ID) as "Status", 
		a.firstname, 
		a.lastname, 
        (select b.createDate from incident_activity b where b.incident = i.Incident_ID order by b.id desc limit 1) as "Date" 
from incident i, agent a 
where 
	  $X{BETWEEN, date(i.createdate), sdate,edate}
      and i.status_ID in ('11','13')
      and a.Agent_ID = i.agentassigned_ID
      and a.usergroup_id in ('22','23')
      and a.station_ID = 6&lt;/query&gt;
        &lt;/jrQueryDataSet&gt;
      &lt;/source&gt;
    &lt;/memory&gt;
  &lt;/resources&gt;
&lt;/query&gt;

</queryString>
                    <dataSource>
                        <uri>/organizations/Southwest/BagCentral/Datasource/WN_DataSource</uri>
                    </dataSource>
                </localResource>
            </query>
            <queryVisibleColumn>Code</queryVisibleColumn>
            <queryValueColumn>Code</queryValueColumn>
        </localResource>
    </resource>
    <resource>
        <localResource
            xmlns:xsi="http://www.w3.org/2001/XMLSchema-instance"
            exportedWithPermissions="false" xsi:type="inputControl">
            <folder>/organizations/Southwest/BagCentral/Dashboards/R06.03_BC_UsersUnacknowledgedTasks_files</folder>
            <name>Type_1</name>
            <version>6</version>
            <label>Type_1</label>
            <creationDate>2019-01-08T01:57:05.597Z</creationDate>
            <updateDate>2019-01-08T01:57:05.597Z</updateDate>
            <type>7</type>
            <mandatory>false</mandatory>
            <readOnly>false</readOnly>
            <visible>true</visible>
            <query>
                <localResource exportedWithPermissions="false" xsi:type="query">
                    <folder>/organizations/Southwest/BagCentral/Dashboards/R06.03_BC_UsersUnacknowledgedTasks_files/Type_1_files</folder>
                    <name>Type_1</name>
                    <version>0</version>
                    <label>Type</label>
                    <creationDate>2019-01-08T01:57:05.597Z</creationDate>
                    <updateDate>2019-01-08T01:57:05.597Z</updateDate>
                    <language>domain</language>
                    <queryString>&lt;?xml version="1.0" encoding="UTF-8"?&gt;
&lt;query xmlns="http://www.jaspersoft.com/2007/SL/XMLSchema"&gt;
  &lt;groupList&gt;
    &lt;group columnName="Type" /&gt;
  &lt;/groupList&gt;
  &lt;queryFields&gt;
    &lt;queryField id="Status" resourceId="Status" /&gt;
    &lt;queryField id="Type" resourceId="Type" /&gt;
    &lt;queryField id="firstname" resourceId="firstname" /&gt;
    &lt;queryField id="Incident_ID" resourceId="Incident_ID" /&gt;
    &lt;queryField id="Code" resourceId="Code" /&gt;
    &lt;queryField id="Date" resourceId="Date" /&gt;
    &lt;queryField id="lastname" resourceId="lastname" /&gt;
  &lt;/queryFields&gt;
  &lt;resources&gt;
    &lt;memory id="default"&gt;
      &lt;fieldList&gt;
        &lt;field id="Code" type="java.lang.Long"&gt;
          &lt;propertyMap&gt;
            &lt;entry key="adhoc.expression" /&gt;
          &lt;/propertyMap&gt;
        &lt;/field&gt;
        &lt;field id="Incident_ID" type="java.lang.String"&gt;
          &lt;propertyMap&gt;
            &lt;entry key="adhoc.expression" /&gt;
          &lt;/propertyMap&gt;
        &lt;/field&gt;
        &lt;field id="Type" type="java.lang.String" /&gt;
        &lt;field id="Status" type="java.lang.String"&gt;
          &lt;propertyMap&gt;
            &lt;entry key="adhoc.expression" /&gt;
          &lt;/propertyMap&gt;
        &lt;/field&gt;
        &lt;field id="firstname" type="java.lang.String"&gt;
          &lt;propertyMap&gt;
            &lt;entry key="adhoc.expression" /&gt;
          &lt;/propertyMap&gt;
        &lt;/field&gt;
        &lt;field id="lastname" type="java.lang.String"&gt;
          &lt;propertyMap&gt;
            &lt;entry key="adhoc.expression" /&gt;
          &lt;/propertyMap&gt;
        &lt;/field&gt;
        &lt;field id="Date" type="java.sql.Timestamp"&gt;
          &lt;propertyMap&gt;
            &lt;entry key="adhoc.expression" /&gt;
          &lt;/propertyMap&gt;
        &lt;/field&gt;
      &lt;/fieldList&gt;
      &lt;source&gt;
        &lt;jrQueryDataSet datasourceId="WN_DataSource" maxRows="200001" queryLanguage="SQL"&gt;
          &lt;fieldList&gt;
            &lt;field id="Code" type="java.lang.Long"&gt;
              &lt;propertyMap&gt;
                &lt;entry key="aggregateExpression"&gt;
                  &lt;string&gt;Sum(Code)&lt;/string&gt;
                &lt;/entry&gt;
                &lt;entry key="adhoc.display"&gt;
                  &lt;string&gt;Code&lt;/string&gt;
                &lt;/entry&gt;
                &lt;entry key="com.jaspersoft.studio.field.label"&gt;
                  &lt;string&gt;Code&lt;/string&gt;
                &lt;/entry&gt;
                &lt;entry key="defaultAgg"&gt;
                  &lt;string&gt;Sum&lt;/string&gt;
                &lt;/entry&gt;
                &lt;entry key="kind"&gt;
                  &lt;string&gt;MEASURE&lt;/string&gt;
                &lt;/entry&gt;
                &lt;entry key="jr.description" /&gt;
                &lt;entry key="defaultMaskId"&gt;
                  &lt;string&gt;ADH_100_MASK_int_0&lt;/string&gt;
                &lt;/entry&gt;
                &lt;entry key="defaultMask"&gt;
                  &lt;string&gt;#,##0&lt;/string&gt;
                &lt;/entry&gt;
                &lt;entry key="aggregateType"&gt;
                  &lt;string&gt;java.lang.Long&lt;/string&gt;
                &lt;/entry&gt;
              &lt;/propertyMap&gt;
            &lt;/field&gt;
            &lt;field id="Incident_ID" type="java.lang.String"&gt;
              &lt;propertyMap&gt;
                &lt;entry key="aggregateExpression"&gt;
                  &lt;string&gt;CountAll(Incident_ID)&lt;/string&gt;
                &lt;/entry&gt;
                &lt;entry key="adhoc.display"&gt;
                  &lt;string&gt;Incident_ID&lt;/string&gt;
                &lt;/entry&gt;
                &lt;entry key="com.jaspersoft.studio.field.label"&gt;
                  &lt;string&gt;Incident_ID&lt;/string&gt;
                &lt;/entry&gt;
                &lt;entry key="defaultAgg"&gt;
                  &lt;string&gt;CountAll&lt;/string&gt;
                &lt;/entry&gt;
                &lt;entry key="kind"&gt;
                  &lt;string&gt;DIMENSION&lt;/string&gt;
                &lt;/entry&gt;
                &lt;entry key="jr.description" /&gt;
                &lt;entry key="defaultMaskId" /&gt;
                &lt;entry key="defaultMask" /&gt;
                &lt;entry key="com.jaspersoft.studio.field.tree.path"&gt;
                  &lt;string&gt;incident&lt;/string&gt;
                &lt;/entry&gt;
                &lt;entry key="aggregateType"&gt;
                  &lt;string&gt;java.lang.Long&lt;/string&gt;
                &lt;/entry&gt;
              &lt;/propertyMap&gt;
            &lt;/field&gt;
            &lt;field id="Type" type="java.lang.String"&gt;
              &lt;propertyMap&gt;
                &lt;entry key="aggregateExpression"&gt;
                  &lt;string&gt;CountAll(Type)&lt;/string&gt;
                &lt;/entry&gt;
                &lt;entry key="adhoc.display"&gt;
                  &lt;string&gt;Type&lt;/string&gt;
                &lt;/entry&gt;
                &lt;entry key="com.jaspersoft.studio.field.label"&gt;
                  &lt;string&gt;Type&lt;/string&gt;
                &lt;/entry&gt;
                &lt;entry key="defaultAgg"&gt;
                  &lt;string&gt;CountAll&lt;/string&gt;
                &lt;/entry&gt;
                &lt;entry key="kind"&gt;
                  &lt;string&gt;DIMENSION&lt;/string&gt;
                &lt;/entry&gt;
                &lt;entry key="jr.description" /&gt;
                &lt;entry key="defaultMaskId" /&gt;
                &lt;entry key="defaultMask" /&gt;
                &lt;entry key="aggregateType"&gt;
                  &lt;string&gt;java.lang.Long&lt;/string&gt;
                &lt;/entry&gt;
              &lt;/propertyMap&gt;
            &lt;/field&gt;
            &lt;field id="Status" type="java.lang.String"&gt;
              &lt;propertyMap&gt;
                &lt;entry key="aggregateExpression"&gt;
                  &lt;string&gt;CountAll(Status)&lt;/string&gt;
                &lt;/entry&gt;
                &lt;entry key="adhoc.display"&gt;
                  &lt;string&gt;Status&lt;/string&gt;
                &lt;/entry&gt;
                &lt;entry key="com.jaspersoft.studio.field.label"&gt;
                  &lt;string&gt;Status&lt;/string&gt;
                &lt;/entry&gt;
                &lt;entry key="defaultAgg"&gt;
                  &lt;string&gt;CountAll&lt;/string&gt;
                &lt;/entry&gt;
                &lt;entry key="kind"&gt;
                  &lt;string&gt;DIMENSION&lt;/string&gt;
                &lt;/entry&gt;
                &lt;entry key="jr.description" /&gt;
                &lt;entry key="defaultMaskId" /&gt;
                &lt;entry key="defaultMask" /&gt;
                &lt;entry key="aggregateType"&gt;
                  &lt;string&gt;java.lang.Long&lt;/string&gt;
                &lt;/entry&gt;
              &lt;/propertyMap&gt;
            &lt;/field&gt;
            &lt;field id="firstname" type="java.lang.String"&gt;
              &lt;propertyMap&gt;
                &lt;entry key="aggregateExpression"&gt;
                  &lt;string&gt;CountAll(firstname)&lt;/string&gt;
                &lt;/entry&gt;
                &lt;entry key="adhoc.display"&gt;
                  &lt;string&gt;firstname&lt;/string&gt;
                &lt;/entry&gt;
                &lt;entry key="com.jaspersoft.studio.field.label"&gt;
                  &lt;string&gt;firstname&lt;/string&gt;
                &lt;/entry&gt;
                &lt;entry key="defaultAgg"&gt;
                  &lt;string&gt;CountAll&lt;/string&gt;
                &lt;/entry&gt;
                &lt;entry key="kind"&gt;
                  &lt;string&gt;DIMENSION&lt;/string&gt;
                &lt;/entry&gt;
                &lt;entry key="jr.description" /&gt;
                &lt;entry key="defaultMaskId" /&gt;
                &lt;entry key="defaultMask" /&gt;
                &lt;entry key="com.jaspersoft.studio.field.tree.path"&gt;
                  &lt;string&gt;agent&lt;/string&gt;
                &lt;/entry&gt;
                &lt;entry key="aggregateType"&gt;
                  &lt;string&gt;java.lang.Long&lt;/string&gt;
                &lt;/entry&gt;
              &lt;/propertyMap&gt;
            &lt;/field&gt;
            &lt;field id="lastname" type="java.lang.String"&gt;
              &lt;propertyMap&gt;
                &lt;entry key="aggregateExpression"&gt;
                  &lt;string&gt;CountAll(lastname)&lt;/string&gt;
                &lt;/entry&gt;
                &lt;entry key="adhoc.display"&gt;
                  &lt;string&gt;lastname&lt;/string&gt;
                &lt;/entry&gt;
                &lt;entry key="com.jaspersoft.studio.field.label"&gt;
                  &lt;string&gt;lastname&lt;/string&gt;
                &lt;/entry&gt;
                &lt;entry key="defaultAgg"&gt;
                  &lt;string&gt;CountAll&lt;/string&gt;
                &lt;/entry&gt;
                &lt;entry key="kind"&gt;
                  &lt;string&gt;DIMENSION&lt;/string&gt;
                &lt;/entry&gt;
                &lt;entry key="jr.description" /&gt;
                &lt;entry key="defaultMaskId" /&gt;
                &lt;entry key="defaultMask" /&gt;
                &lt;entry key="com.jaspersoft.studio.field.tree.path"&gt;
                  &lt;string&gt;agent&lt;/string&gt;
                &lt;/entry&gt;
                &lt;entry key="aggregateType"&gt;
                  &lt;string&gt;java.lang.Long&lt;/string&gt;
                &lt;/entry&gt;
              &lt;/propertyMap&gt;
            &lt;/field&gt;
            &lt;field id="Date" type="java.sql.Timestamp"&gt;
              &lt;propertyMap&gt;
                &lt;entry key="aggregateExpression"&gt;
                  &lt;string&gt;CountAll(Date)&lt;/string&gt;
                &lt;/entry&gt;
                &lt;entry key="adhoc.display"&gt;
                  &lt;string&gt;Date&lt;/string&gt;
                &lt;/entry&gt;
                &lt;entry key="com.jaspersoft.studio.field.label"&gt;
                  &lt;string&gt;Date&lt;/string&gt;
                &lt;/entry&gt;
                &lt;entry key="defaultAgg"&gt;
                  &lt;string&gt;CountAll&lt;/string&gt;
                &lt;/entry&gt;
                &lt;entry key="kind"&gt;
                  &lt;string&gt;DIMENSION&lt;/string&gt;
                &lt;/entry&gt;
                &lt;entry key="jr.description" /&gt;
                &lt;entry key="defaultMaskId"&gt;
                  &lt;string&gt;ADH_100_MASK_timestamp_0&lt;/string&gt;
                &lt;/entry&gt;
                &lt;entry key="defaultMask"&gt;
                  &lt;string&gt;medium,hide&lt;/string&gt;
                &lt;/entry&gt;
                &lt;entry key="aggregateType"&gt;
                  &lt;string&gt;java.lang.Long&lt;/string&gt;
                &lt;/entry&gt;
              &lt;/propertyMap&gt;
            &lt;/field&gt;
          &lt;/fieldList&gt;
          &lt;dsReferenceURI&gt;/adhoc/topics/BagCentral/03_BC_UsersUnacknowledgedTasks&lt;/dsReferenceURI&gt;
          &lt;query&gt;select (select c.activity from incident_activity c where c.incident = i.Incident_ID order by c.id desc limit 1) as "Code", i.Incident_ID, 
		(select t.description from itemtype t where t.ItemType_ID = i.itemtype_ID) as "Type", 
		(select status.description from status where status.Status_ID = i.status_ID) as "Status", 
		a.firstname, 
		a.lastname, 
        (select b.createDate from incident_activity b where b.incident = i.Incident_ID order by b.id desc limit 1) as "Date" 
from incident i, agent a 
where 
	  $X{BETWEEN, date(i.createdate), sdate,edate}
      and i.status_ID in ('11','13')
      and a.Agent_ID = i.agentassigned_ID
      and a.usergroup_id in ('22','23')
      and a.station_ID = 6&lt;/query&gt;
        &lt;/jrQueryDataSet&gt;
      &lt;/source&gt;
    &lt;/memory&gt;
  &lt;/resources&gt;
&lt;/query&gt;

</queryString>
                    <dataSource>
                        <uri>/organizations/Southwest/BagCentral/Datasource/WN_DataSource</uri>
                    </dataSource>
                </localResource>
            </query>
            <queryVisibleColumn>Type</queryVisibleColumn>
            <queryValueColumn>Type</queryValueColumn>
        </localResource>
    </resource>
    <resource>
        <localResource
            xmlns:xsi="http://www.w3.org/2001/XMLSchema-instance"
            exportedWithPermissions="false" xsi:type="inputControl">
            <folder>/organizations/Southwest/BagCentral/Dashboards/R06.03_BC_UsersUnacknowledgedTasks_files</folder>
            <name>Status_1</name>
            <version>6</version>
            <label>Status_1</label>
            <creationDate>2019-01-08T01:57:05.597Z</creationDate>
            <updateDate>2019-01-08T01:57:05.597Z</updateDate>
            <type>7</type>
            <mandatory>false</mandatory>
            <readOnly>false</readOnly>
            <visible>true</visible>
            <query>
                <localResource exportedWithPermissions="false" xsi:type="query">
                    <folder>/organizations/Southwest/BagCentral/Dashboards/R06.03_BC_UsersUnacknowledgedTasks_files/Status_1_files</folder>
                    <name>Status_1</name>
                    <version>0</version>
                    <label>Status</label>
                    <creationDate>2019-01-08T01:57:05.597Z</creationDate>
                    <updateDate>2019-01-08T01:57:05.597Z</updateDate>
                    <language>domain</language>
                    <queryString>&lt;?xml version="1.0" encoding="UTF-8"?&gt;
&lt;query xmlns="http://www.jaspersoft.com/2007/SL/XMLSchema"&gt;
  &lt;groupList&gt;
    &lt;group columnName="Status" /&gt;
  &lt;/groupList&gt;
  &lt;queryFields&gt;
    &lt;queryField id="Status" resourceId="Status" /&gt;
    &lt;queryField id="Type" resourceId="Type" /&gt;
    &lt;queryField id="firstname" resourceId="firstname" /&gt;
    &lt;queryField id="Incident_ID" resourceId="Incident_ID" /&gt;
    &lt;queryField id="Code" resourceId="Code" /&gt;
    &lt;queryField id="Date" resourceId="Date" /&gt;
    &lt;queryField id="lastname" resourceId="lastname" /&gt;
  &lt;/queryFields&gt;
  &lt;resources&gt;
    &lt;memory id="default"&gt;
      &lt;fieldList&gt;
        &lt;field id="Code" type="java.lang.Long"&gt;
          &lt;propertyMap&gt;
            &lt;entry key="adhoc.expression" /&gt;
          &lt;/propertyMap&gt;
        &lt;/field&gt;
        &lt;field id="Incident_ID" type="java.lang.String"&gt;
          &lt;propertyMap&gt;
            &lt;entry key="adhoc.expression" /&gt;
          &lt;/propertyMap&gt;
        &lt;/field&gt;
        &lt;field id="Type" type="java.lang.String"&gt;
          &lt;propertyMap&gt;
            &lt;entry key="adhoc.expression" /&gt;
          &lt;/propertyMap&gt;
        &lt;/field&gt;
        &lt;field id="Status" type="java.lang.String" /&gt;
        &lt;field id="firstname" type="java.lang.String"&gt;
          &lt;propertyMap&gt;
            &lt;entry key="adhoc.expression" /&gt;
          &lt;/propertyMap&gt;
        &lt;/field&gt;
        &lt;field id="lastname" type="java.lang.String"&gt;
          &lt;propertyMap&gt;
            &lt;entry key="adhoc.expression" /&gt;
          &lt;/propertyMap&gt;
        &lt;/field&gt;
        &lt;field id="Date" type="java.sql.Timestamp"&gt;
          &lt;propertyMap&gt;
            &lt;entry key="adhoc.expression" /&gt;
          &lt;/propertyMap&gt;
        &lt;/field&gt;
      &lt;/fieldList&gt;
      &lt;source&gt;
        &lt;jrQueryDataSet datasourceId="WN_DataSource" maxRows="200001" queryLanguage="SQL"&gt;
          &lt;fieldList&gt;
            &lt;field id="Code" type="java.lang.Long"&gt;
              &lt;propertyMap&gt;
                &lt;entry key="aggregateExpression"&gt;
                  &lt;string&gt;Sum(Code)&lt;/string&gt;
                &lt;/entry&gt;
                &lt;entry key="adhoc.display"&gt;
                  &lt;string&gt;Code&lt;/string&gt;
                &lt;/entry&gt;
                &lt;entry key="com.jaspersoft.studio.field.label"&gt;
                  &lt;string&gt;Code&lt;/string&gt;
                &lt;/entry&gt;
                &lt;entry key="defaultAgg"&gt;
                  &lt;string&gt;Sum&lt;/string&gt;
                &lt;/entry&gt;
                &lt;entry key="kind"&gt;
                  &lt;string&gt;MEASURE&lt;/string&gt;
                &lt;/entry&gt;
                &lt;entry key="jr.description" /&gt;
                &lt;entry key="defaultMaskId"&gt;
                  &lt;string&gt;ADH_100_MASK_int_0&lt;/string&gt;
                &lt;/entry&gt;
                &lt;entry key="defaultMask"&gt;
                  &lt;string&gt;#,##0&lt;/string&gt;
                &lt;/entry&gt;
                &lt;entry key="aggregateType"&gt;
                  &lt;string&gt;java.lang.Long&lt;/string&gt;
                &lt;/entry&gt;
              &lt;/propertyMap&gt;
            &lt;/field&gt;
            &lt;field id="Incident_ID" type="java.lang.String"&gt;
              &lt;propertyMap&gt;
                &lt;entry key="aggregateExpression"&gt;
                  &lt;string&gt;CountAll(Incident_ID)&lt;/string&gt;
                &lt;/entry&gt;
                &lt;entry key="adhoc.display"&gt;
                  &lt;string&gt;Incident_ID&lt;/string&gt;
                &lt;/entry&gt;
                &lt;entry key="com.jaspersoft.studio.field.label"&gt;
                  &lt;string&gt;Incident_ID&lt;/string&gt;
                &lt;/entry&gt;
                &lt;entry key="defaultAgg"&gt;
                  &lt;string&gt;CountAll&lt;/string&gt;
                &lt;/entry&gt;
                &lt;entry key="kind"&gt;
                  &lt;string&gt;DIMENSION&lt;/string&gt;
                &lt;/entry&gt;
                &lt;entry key="jr.description" /&gt;
                &lt;entry key="defaultMaskId" /&gt;
                &lt;entry key="defaultMask" /&gt;
                &lt;entry key="com.jaspersoft.studio.field.tree.path"&gt;
                  &lt;string&gt;incident&lt;/string&gt;
                &lt;/entry&gt;
                &lt;entry key="aggregateType"&gt;
                  &lt;string&gt;java.lang.Long&lt;/string&gt;
                &lt;/entry&gt;
              &lt;/propertyMap&gt;
            &lt;/field&gt;
            &lt;field id="Type" type="java.lang.String"&gt;
              &lt;propertyMap&gt;
                &lt;entry key="aggregateExpression"&gt;
                  &lt;string&gt;CountAll(Type)&lt;/string&gt;
                &lt;/entry&gt;
                &lt;entry key="adhoc.display"&gt;
                  &lt;string&gt;Type&lt;/string&gt;
                &lt;/entry&gt;
                &lt;entry key="com.jaspersoft.studio.field.label"&gt;
                  &lt;string&gt;Type&lt;/string&gt;
                &lt;/entry&gt;
                &lt;entry key="defaultAgg"&gt;
                  &lt;string&gt;CountAll&lt;/string&gt;
                &lt;/entry&gt;
                &lt;entry key="kind"&gt;
                  &lt;string&gt;DIMENSION&lt;/string&gt;
                &lt;/entry&gt;
                &lt;entry key="jr.description" /&gt;
                &lt;entry key="defaultMaskId" /&gt;
                &lt;entry key="defaultMask" /&gt;
                &lt;entry key="aggregateType"&gt;
                  &lt;string&gt;java.lang.Long&lt;/string&gt;
                &lt;/entry&gt;
              &lt;/propertyMap&gt;
            &lt;/field&gt;
            &lt;field id="Status" type="java.lang.String"&gt;
              &lt;propertyMap&gt;
                &lt;entry key="aggregateExpression"&gt;
                  &lt;string&gt;CountAll(Status)&lt;/string&gt;
                &lt;/entry&gt;
                &lt;entry key="adhoc.display"&gt;
                  &lt;string&gt;Status&lt;/string&gt;
                &lt;/entry&gt;
                &lt;entry key="com.jaspersoft.studio.field.label"&gt;
                  &lt;string&gt;Status&lt;/string&gt;
                &lt;/entry&gt;
                &lt;entry key="defaultAgg"&gt;
                  &lt;string&gt;CountAll&lt;/string&gt;
                &lt;/entry&gt;
                &lt;entry key="kind"&gt;
                  &lt;string&gt;DIMENSION&lt;/string&gt;
                &lt;/entry&gt;
                &lt;entry key="jr.description" /&gt;
                &lt;entry key="defaultMaskId" /&gt;
                &lt;entry key="defaultMask" /&gt;
                &lt;entry key="aggregateType"&gt;
                  &lt;string&gt;java.lang.Long&lt;/string&gt;
                &lt;/entry&gt;
              &lt;/propertyMap&gt;
            &lt;/field&gt;
            &lt;field id="firstname" type="java.lang.String"&gt;
              &lt;propertyMap&gt;
                &lt;entry key="aggregateExpression"&gt;
                  &lt;string&gt;CountAll(firstname)&lt;/string&gt;
                &lt;/entry&gt;
                &lt;entry key="adhoc.display"&gt;
                  &lt;string&gt;firstname&lt;/string&gt;
                &lt;/entry&gt;
                &lt;entry key="com.jaspersoft.studio.field.label"&gt;
                  &lt;string&gt;firstname&lt;/string&gt;
                &lt;/entry&gt;
                &lt;entry key="defaultAgg"&gt;
                  &lt;string&gt;CountAll&lt;/string&gt;
                &lt;/entry&gt;
                &lt;entry key="kind"&gt;
                  &lt;string&gt;DIMENSION&lt;/string&gt;
                &lt;/entry&gt;
                &lt;entry key="jr.description" /&gt;
                &lt;entry key="defaultMaskId" /&gt;
                &lt;entry key="defaultMask" /&gt;
                &lt;entry key="com.jaspersoft.studio.field.tree.path"&gt;
                  &lt;string&gt;agent&lt;/string&gt;
                &lt;/entry&gt;
                &lt;entry key="aggregateType"&gt;
                  &lt;string&gt;java.lang.Long&lt;/string&gt;
                &lt;/entry&gt;
              &lt;/propertyMap&gt;
            &lt;/field&gt;
            &lt;field id="lastname" type="java.lang.String"&gt;
              &lt;propertyMap&gt;
                &lt;entry key="aggregateExpression"&gt;
                  &lt;string&gt;CountAll(lastname)&lt;/string&gt;
                &lt;/entry&gt;
                &lt;entry key="adhoc.display"&gt;
                  &lt;string&gt;lastname&lt;/string&gt;
                &lt;/entry&gt;
                &lt;entry key="com.jaspersoft.studio.field.label"&gt;
                  &lt;string&gt;lastname&lt;/string&gt;
                &lt;/entry&gt;
                &lt;entry key="defaultAgg"&gt;
                  &lt;string&gt;CountAll&lt;/string&gt;
                &lt;/entry&gt;
                &lt;entry key="kind"&gt;
                  &lt;string&gt;DIMENSION&lt;/string&gt;
                &lt;/entry&gt;
                &lt;entry key="jr.description" /&gt;
                &lt;entry key="defaultMaskId" /&gt;
                &lt;entry key="defaultMask" /&gt;
                &lt;entry key="com.jaspersoft.studio.field.tree.path"&gt;
                  &lt;string&gt;agent&lt;/string&gt;
                &lt;/entry&gt;
                &lt;entry key="aggregateType"&gt;
                  &lt;string&gt;java.lang.Long&lt;/string&gt;
                &lt;/entry&gt;
              &lt;/propertyMap&gt;
            &lt;/field&gt;
            &lt;field id="Date" type="java.sql.Timestamp"&gt;
              &lt;propertyMap&gt;
                &lt;entry key="aggregateExpression"&gt;
                  &lt;string&gt;CountAll(Date)&lt;/string&gt;
                &lt;/entry&gt;
                &lt;entry key="adhoc.display"&gt;
                  &lt;string&gt;Date&lt;/string&gt;
                &lt;/entry&gt;
                &lt;entry key="com.jaspersoft.studio.field.label"&gt;
                  &lt;string&gt;Date&lt;/string&gt;
                &lt;/entry&gt;
                &lt;entry key="defaultAgg"&gt;
                  &lt;string&gt;CountAll&lt;/string&gt;
                &lt;/entry&gt;
                &lt;entry key="kind"&gt;
                  &lt;string&gt;DIMENSION&lt;/string&gt;
                &lt;/entry&gt;
                &lt;entry key="jr.description" /&gt;
                &lt;entry key="defaultMaskId"&gt;
                  &lt;string&gt;ADH_100_MASK_timestamp_0&lt;/string&gt;
                &lt;/entry&gt;
                &lt;entry key="defaultMask"&gt;
                  &lt;string&gt;medium,hide&lt;/string&gt;
                &lt;/entry&gt;
                &lt;entry key="aggregateType"&gt;
                  &lt;string&gt;java.lang.Long&lt;/string&gt;
                &lt;/entry&gt;
              &lt;/propertyMap&gt;
            &lt;/field&gt;
          &lt;/fieldList&gt;
          &lt;dsReferenceURI&gt;/adhoc/topics/BagCentral/03_BC_UsersUnacknowledgedTasks&lt;/dsReferenceURI&gt;
          &lt;query&gt;select (select c.activity from incident_activity c where c.incident = i.Incident_ID order by c.id desc limit 1) as "Code", i.Incident_ID, 
		(select t.description from itemtype t where t.ItemType_ID = i.itemtype_ID) as "Type", 
		(select status.description from status where status.Status_ID = i.status_ID) as "Status", 
		a.firstname, 
		a.lastname, 
        (select b.createDate from incident_activity b where b.incident = i.Incident_ID order by b.id desc limit 1) as "Date" 
from incident i, agent a 
where 
	  $X{BETWEEN, date(i.createdate), sdate,edate}
      and i.status_ID in ('11','13')
      and a.Agent_ID = i.agentassigned_ID
      and a.usergroup_id in ('22','23')
      and a.station_ID = 6&lt;/query&gt;
        &lt;/jrQueryDataSet&gt;
      &lt;/source&gt;
    &lt;/memory&gt;
  &lt;/resources&gt;
&lt;/query&gt;

</queryString>
                    <dataSource>
                        <uri>/organizations/Southwest/BagCentral/Datasource/WN_DataSource</uri>
                    </dataSource>
                </localResource>
            </query>
            <queryVisibleColumn>Status</queryVisibleColumn>
            <queryValueColumn>Status</queryValueColumn>
        </localResource>
    </resource>
    <resource>
        <localResource
            xmlns:xsi="http://www.w3.org/2001/XMLSchema-instance"
            exportedWithPermissions="false" xsi:type="inputControl">
            <folder>/organizations/Southwest/BagCentral/Dashboards/R06.03_BC_UsersUnacknowledgedTasks_files</folder>
            <name>firstname_1</name>
            <version>6</version>
            <label>firstname_1</label>
            <creationDate>2019-01-08T01:57:05.597Z</creationDate>
            <updateDate>2019-01-08T01:57:05.597Z</updateDate>
            <type>7</type>
            <mandatory>false</mandatory>
            <readOnly>false</readOnly>
            <visible>true</visible>
            <query>
                <localResource exportedWithPermissions="false" xsi:type="query">
                    <folder>/organizations/Southwest/BagCentral/Dashboards/R06.03_BC_UsersUnacknowledgedTasks_files/firstname_1_files</folder>
                    <name>firstname_1</name>
                    <version>0</version>
                    <label>firstname</label>
                    <creationDate>2019-01-08T01:57:05.597Z</creationDate>
                    <updateDate>2019-01-08T01:57:05.597Z</updateDate>
                    <language>domain</language>
                    <queryString>&lt;?xml version="1.0" encoding="UTF-8"?&gt;
&lt;query xmlns="http://www.jaspersoft.com/2007/SL/XMLSchema"&gt;
  &lt;groupList&gt;
    &lt;group columnName="firstname" /&gt;
  &lt;/groupList&gt;
  &lt;queryFields&gt;
    &lt;queryField id="Status" resourceId="Status" /&gt;
    &lt;queryField id="Type" resourceId="Type" /&gt;
    &lt;queryField id="firstname" resourceId="firstname" /&gt;
    &lt;queryField id="Incident_ID" resourceId="Incident_ID" /&gt;
    &lt;queryField id="Code" resourceId="Code" /&gt;
    &lt;queryField id="Date" resourceId="Date" /&gt;
    &lt;queryField id="lastname" resourceId="lastname" /&gt;
  &lt;/queryFields&gt;
  &lt;resources&gt;
    &lt;memory id="default"&gt;
      &lt;fieldList&gt;
        &lt;field id="Code" type="java.lang.Long"&gt;
          &lt;propertyMap&gt;
            &lt;entry key="adhoc.expression" /&gt;
          &lt;/propertyMap&gt;
        &lt;/field&gt;
        &lt;field id="Incident_ID" type="java.lang.String"&gt;
          &lt;propertyMap&gt;
            &lt;entry key="adhoc.expression" /&gt;
          &lt;/propertyMap&gt;
        &lt;/field&gt;
        &lt;field id="Type" type="java.lang.String"&gt;
          &lt;propertyMap&gt;
            &lt;entry key="adhoc.expression" /&gt;
          &lt;/propertyMap&gt;
        &lt;/field&gt;
        &lt;field id="Status" type="java.lang.String"&gt;
          &lt;propertyMap&gt;
            &lt;entry key="adhoc.expression" /&gt;
          &lt;/propertyMap&gt;
        &lt;/field&gt;
        &lt;field id="firstname" type="java.lang.String" /&gt;
        &lt;field id="lastname" type="java.lang.String"&gt;
          &lt;propertyMap&gt;
            &lt;entry key="adhoc.expression" /&gt;
          &lt;/propertyMap&gt;
        &lt;/field&gt;
        &lt;field id="Date" type="java.sql.Timestamp"&gt;
          &lt;propertyMap&gt;
            &lt;entry key="adhoc.expression" /&gt;
          &lt;/propertyMap&gt;
        &lt;/field&gt;
      &lt;/fieldList&gt;
      &lt;source&gt;
        &lt;jrQueryDataSet datasourceId="WN_DataSource" maxRows="200001" queryLanguage="SQL"&gt;
          &lt;fieldList&gt;
            &lt;field id="Code" type="java.lang.Long"&gt;
              &lt;propertyMap&gt;
                &lt;entry key="aggregateExpression"&gt;
                  &lt;string&gt;Sum(Code)&lt;/string&gt;
                &lt;/entry&gt;
                &lt;entry key="adhoc.display"&gt;
                  &lt;string&gt;Code&lt;/string&gt;
                &lt;/entry&gt;
                &lt;entry key="com.jaspersoft.studio.field.label"&gt;
                  &lt;string&gt;Code&lt;/string&gt;
                &lt;/entry&gt;
                &lt;entry key="defaultAgg"&gt;
                  &lt;string&gt;Sum&lt;/string&gt;
                &lt;/entry&gt;
                &lt;entry key="kind"&gt;
                  &lt;string&gt;MEASURE&lt;/string&gt;
                &lt;/entry&gt;
                &lt;entry key="jr.description" /&gt;
                &lt;entry key="defaultMaskId"&gt;
                  &lt;string&gt;ADH_100_MASK_int_0&lt;/string&gt;
                &lt;/entry&gt;
                &lt;entry key="defaultMask"&gt;
                  &lt;string&gt;#,##0&lt;/string&gt;
                &lt;/entry&gt;
                &lt;entry key="aggregateType"&gt;
                  &lt;string&gt;java.lang.Long&lt;/string&gt;
                &lt;/entry&gt;
              &lt;/propertyMap&gt;
            &lt;/field&gt;
            &lt;field id="Incident_ID" type="java.lang.String"&gt;
              &lt;propertyMap&gt;
                &lt;entry key="aggregateExpression"&gt;
                  &lt;string&gt;CountAll(Incident_ID)&lt;/string&gt;
                &lt;/entry&gt;
                &lt;entry key="adhoc.display"&gt;
                  &lt;string&gt;Incident_ID&lt;/string&gt;
                &lt;/entry&gt;
                &lt;entry key="com.jaspersoft.studio.field.label"&gt;
                  &lt;string&gt;Incident_ID&lt;/string&gt;
                &lt;/entry&gt;
                &lt;entry key="defaultAgg"&gt;
                  &lt;string&gt;CountAll&lt;/string&gt;
                &lt;/entry&gt;
                &lt;entry key="kind"&gt;
                  &lt;string&gt;DIMENSION&lt;/string&gt;
                &lt;/entry&gt;
                &lt;entry key="jr.description" /&gt;
                &lt;entry key="defaultMaskId" /&gt;
                &lt;entry key="defaultMask" /&gt;
                &lt;entry key="com.jaspersoft.studio.field.tree.path"&gt;
                  &lt;string&gt;incident&lt;/string&gt;
                &lt;/entry&gt;
                &lt;entry key="aggregateType"&gt;
                  &lt;string&gt;java.lang.Long&lt;/string&gt;
                &lt;/entry&gt;
              &lt;/propertyMap&gt;
            &lt;/field&gt;
            &lt;field id="Type" type="java.lang.String"&gt;
              &lt;propertyMap&gt;
                &lt;entry key="aggregateExpression"&gt;
                  &lt;string&gt;CountAll(Type)&lt;/string&gt;
                &lt;/entry&gt;
                &lt;entry key="adhoc.display"&gt;
                  &lt;string&gt;Type&lt;/string&gt;
                &lt;/entry&gt;
                &lt;entry key="com.jaspersoft.studio.field.label"&gt;
                  &lt;string&gt;Type&lt;/string&gt;
                &lt;/entry&gt;
                &lt;entry key="defaultAgg"&gt;
                  &lt;string&gt;CountAll&lt;/string&gt;
                &lt;/entry&gt;
                &lt;entry key="kind"&gt;
                  &lt;string&gt;DIMENSION&lt;/string&gt;
                &lt;/entry&gt;
                &lt;entry key="jr.description" /&gt;
                &lt;entry key="defaultMaskId" /&gt;
                &lt;entry key="defaultMask" /&gt;
                &lt;entry key="aggregateType"&gt;
                  &lt;string&gt;java.lang.Long&lt;/string&gt;
                &lt;/entry&gt;
              &lt;/propertyMap&gt;
            &lt;/field&gt;
            &lt;field id="Status" type="java.lang.String"&gt;
              &lt;propertyMap&gt;
                &lt;entry key="aggregateExpression"&gt;
                  &lt;string&gt;CountAll(Status)&lt;/string&gt;
                &lt;/entry&gt;
                &lt;entry key="adhoc.display"&gt;
                  &lt;string&gt;Status&lt;/string&gt;
                &lt;/entry&gt;
                &lt;entry key="com.jaspersoft.studio.field.label"&gt;
                  &lt;string&gt;Status&lt;/string&gt;
                &lt;/entry&gt;
                &lt;entry key="defaultAgg"&gt;
                  &lt;string&gt;CountAll&lt;/string&gt;
                &lt;/entry&gt;
                &lt;entry key="kind"&gt;
                  &lt;string&gt;DIMENSION&lt;/string&gt;
                &lt;/entry&gt;
                &lt;entry key="jr.description" /&gt;
                &lt;entry key="defaultMaskId" /&gt;
                &lt;entry key="defaultMask" /&gt;
                &lt;entry key="aggregateType"&gt;
                  &lt;string&gt;java.lang.Long&lt;/string&gt;
                &lt;/entry&gt;
              &lt;/propertyMap&gt;
            &lt;/field&gt;
            &lt;field id="firstname" type="java.lang.String"&gt;
              &lt;propertyMap&gt;
                &lt;entry key="aggregateExpression"&gt;
                  &lt;string&gt;CountAll(firstname)&lt;/string&gt;
                &lt;/entry&gt;
                &lt;entry key="adhoc.display"&gt;
                  &lt;string&gt;firstname&lt;/string&gt;
                &lt;/entry&gt;
                &lt;entry key="com.jaspersoft.studio.field.label"&gt;
                  &lt;string&gt;firstname&lt;/string&gt;
                &lt;/entry&gt;
                &lt;entry key="defaultAgg"&gt;
                  &lt;string&gt;CountAll&lt;/string&gt;
                &lt;/entry&gt;
                &lt;entry key="kind"&gt;
                  &lt;string&gt;DIMENSION&lt;/string&gt;
                &lt;/entry&gt;
                &lt;entry key="jr.description" /&gt;
                &lt;entry key="defaultMaskId" /&gt;
                &lt;entry key="defaultMask" /&gt;
                &lt;entry key="com.jaspersoft.studio.field.tree.path"&gt;
                  &lt;string&gt;agent&lt;/string&gt;
                &lt;/entry&gt;
                &lt;entry key="aggregateType"&gt;
                  &lt;string&gt;java.lang.Long&lt;/string&gt;
                &lt;/entry&gt;
              &lt;/propertyMap&gt;
            &lt;/field&gt;
            &lt;field id="lastname" type="java.lang.String"&gt;
              &lt;propertyMap&gt;
                &lt;entry key="aggregateExpression"&gt;
                  &lt;string&gt;CountAll(lastname)&lt;/string&gt;
                &lt;/entry&gt;
                &lt;entry key="adhoc.display"&gt;
                  &lt;string&gt;lastname&lt;/string&gt;
                &lt;/entry&gt;
                &lt;entry key="com.jaspersoft.studio.field.label"&gt;
                  &lt;string&gt;lastname&lt;/string&gt;
                &lt;/entry&gt;
                &lt;entry key="defaultAgg"&gt;
                  &lt;string&gt;CountAll&lt;/string&gt;
                &lt;/entry&gt;
                &lt;entry key="kind"&gt;
                  &lt;string&gt;DIMENSION&lt;/string&gt;
                &lt;/entry&gt;
                &lt;entry key="jr.description" /&gt;
                &lt;entry key="defaultMaskId" /&gt;
                &lt;entry key="defaultMask" /&gt;
                &lt;entry key="com.jaspersoft.studio.field.tree.path"&gt;
                  &lt;string&gt;agent&lt;/string&gt;
                &lt;/entry&gt;
                &lt;entry key="aggregateType"&gt;
                  &lt;string&gt;java.lang.Long&lt;/string&gt;
                &lt;/entry&gt;
              &lt;/propertyMap&gt;
            &lt;/field&gt;
            &lt;field id="Date" type="java.sql.Timestamp"&gt;
              &lt;propertyMap&gt;
                &lt;entry key="aggregateExpression"&gt;
                  &lt;string&gt;CountAll(Date)&lt;/string&gt;
                &lt;/entry&gt;
                &lt;entry key="adhoc.display"&gt;
                  &lt;string&gt;Date&lt;/string&gt;
                &lt;/entry&gt;
                &lt;entry key="com.jaspersoft.studio.field.label"&gt;
                  &lt;string&gt;Date&lt;/string&gt;
                &lt;/entry&gt;
                &lt;entry key="defaultAgg"&gt;
                  &lt;string&gt;CountAll&lt;/string&gt;
                &lt;/entry&gt;
                &lt;entry key="kind"&gt;
                  &lt;string&gt;DIMENSION&lt;/string&gt;
                &lt;/entry&gt;
                &lt;entry key="jr.description" /&gt;
                &lt;entry key="defaultMaskId"&gt;
                  &lt;string&gt;ADH_100_MASK_timestamp_0&lt;/string&gt;
                &lt;/entry&gt;
                &lt;entry key="defaultMask"&gt;
                  &lt;string&gt;medium,hide&lt;/string&gt;
                &lt;/entry&gt;
                &lt;entry key="aggregateType"&gt;
                  &lt;string&gt;java.lang.Long&lt;/string&gt;
                &lt;/entry&gt;
              &lt;/propertyMap&gt;
            &lt;/field&gt;
          &lt;/fieldList&gt;
          &lt;dsReferenceURI&gt;/adhoc/topics/BagCentral/03_BC_UsersUnacknowledgedTasks&lt;/dsReferenceURI&gt;
          &lt;query&gt;select (select c.activity from incident_activity c where c.incident = i.Incident_ID order by c.id desc limit 1) as "Code", i.Incident_ID, 
		(select t.description from itemtype t where t.ItemType_ID = i.itemtype_ID) as "Type", 
		(select status.description from status where status.Status_ID = i.status_ID) as "Status", 
		a.firstname, 
		a.lastname, 
        (select b.createDate from incident_activity b where b.incident = i.Incident_ID order by b.id desc limit 1) as "Date" 
from incident i, agent a 
where 
	  $X{BETWEEN, date(i.createdate), sdate,edate}
      and i.status_ID in ('11','13')
      and a.Agent_ID = i.agentassigned_ID
      and a.usergroup_id in ('22','23')
      and a.station_ID = 6&lt;/query&gt;
        &lt;/jrQueryDataSet&gt;
      &lt;/source&gt;
    &lt;/memory&gt;
  &lt;/resources&gt;
&lt;/query&gt;

</queryString>
                    <dataSource>
                        <uri>/organizations/Southwest/BagCentral/Datasource/WN_DataSource</uri>
                    </dataSource>
                </localResource>
            </query>
            <queryVisibleColumn>firstname</queryVisibleColumn>
            <queryValueColumn>firstname</queryValueColumn>
        </localResource>
    </resource>
</dashboardModelResource>
