<?xml version="1.0" encoding="UTF-8"?>
<semanticLayerDataSource exportedWithPermissions="true">
    <folder>/organizations/Southwest/CBS/Domains</folder>
    <name>Issuance_Item_Information</name>
    <version>4</version>
    <label>Issuance Item Information</label>
    <description></description>
    <creationDate>2019-05-20T13:50:32.526Z</creationDate>
    <updateDate>2019-05-30T15:28:55.708Z</updateDate>
    <schema>
        <localResource
            xmlns:xsi="http://www.w3.org/2001/XMLSchema-instance"
            exportedWithPermissions="false" dataFile="schema.data" xsi:type="fileResource">
            <folder>/organizations/Southwest/CBS/Domains/Issuance_Item_Information_files</folder>
            <name>schema</name>
            <version>1</version>
            <label>schema</label>
            <description>schema</description>
            <creationDate>2019-05-30T15:28:55.708Z</creationDate>
            <updateDate>2019-05-30T15:28:55.708Z</updateDate>
            <fileType>xml</fileType>
        </localResource>
    </schema>
    <dataSource>
        <alias>SWA_NetTracer_DB</alias>
        <dataSourceReference>
            <uri>/organizations/Southwest/SWA_NetTracer_DB</uri>
        </dataSourceReference>
    </dataSource>
</semanticLayerDataSource>
