<?xml version="1.0" encoding="UTF-8"?>
<folder exportedWithPermissions="true">
    <parent>/organizations/Southwest/BagCentral/AdHocViews</parent>
    <name>07_ClaimSettlementKPIs</name>
    <label>07_ClaimSettlementKPIs</label>
    <description></description>
    <creationDate>2019-06-21T04:30:24.266Z</creationDate>
    <updateDate>2019-06-21T04:30:24.266Z</updateDate>
    <resource>BagCentral_MonthlyComparison</resource>
    <resource>BCData</resource>
    <resource>SWAData</resource>
    <resource>SWD_Monthly_Comparison</resource>
</folder>
