<?xml version="1.0" encoding="UTF-8"?>
<adhocDataView exportedWithPermissions="true">
    <folder>/organizations/Southwest/BagCentral/AdHocViews/07_ClaimSettlementKPIs</folder>
    <name>BCData</name>
    <version>1</version>
    <label>BCData</label>
    <description></description>
    <creationDate>2019-06-21T04:44:14.489Z</creationDate>
    <updateDate>2019-06-21T04:44:59.085Z</updateDate>
    <dataSource>
        <uri>/organizations/Southwest/BagCentral/Datasource/WN_DataSource</uri>
    </dataSource>
    <inputControl>
        <localResource
            xmlns:xsi="http://www.w3.org/2001/XMLSchema-instance"
            exportedWithPermissions="false" xsi:type="inputControl">
            <folder>/organizations/Southwest/BagCentral/AdHocViews/07_ClaimSettlementKPIs/BCData_files</folder>
            <name>Agent_1</name>
            <version>1</version>
            <label>Agent</label>
            <creationDate>2019-06-21T04:44:59.085Z</creationDate>
            <updateDate>2019-06-21T04:44:59.085Z</updateDate>
            <type>7</type>
            <mandatory>false</mandatory>
            <readOnly>false</readOnly>
            <visible>true</visible>
            <query>
                <localResource exportedWithPermissions="false" xsi:type="query">
                    <folder>/organizations/Southwest/BagCentral/AdHocViews/07_ClaimSettlementKPIs/BCData_files/Agent_1_files</folder>
                    <name>Agent_1</name>
                    <version>0</version>
                    <label>Agent</label>
                    <creationDate>2019-06-21T04:44:59.085Z</creationDate>
                    <updateDate>2019-06-21T04:44:59.085Z</updateDate>
                    <language>domain</language>
                    <queryString>&lt;?xml version="1.0" encoding="UTF-8"?&gt;
&lt;query xmlns="http://www.jaspersoft.com/2007/SL/XMLSchema"&gt;
  &lt;groupList&gt;
    &lt;group columnName="Agent" /&gt;
  &lt;/groupList&gt;
  &lt;queryFields&gt;
    &lt;queryField id="Agent" resourceId="Agent" /&gt;
    &lt;queryField id="Type" resourceId="Type" /&gt;
    &lt;queryField id="DraftAmount" resourceId="DraftAmount" /&gt;
    &lt;queryField id="VoucherAmount" resourceId="VoucherAmount" /&gt;
    &lt;queryField id="CloseYear" resourceId="CloseYear" /&gt;
    &lt;queryField id="CloseMonth" resourceId="CloseMonth" /&gt;
    &lt;queryField id="CloseDay" resourceId="CloseDay" /&gt;
    &lt;queryField id="Incident_ID" resourceId="Incident_ID" /&gt;
    &lt;queryField id="CloseDate" resourceId="CloseDate" /&gt;
  &lt;/queryFields&gt;
  &lt;resources&gt;
    &lt;memory id="default"&gt;
      &lt;fieldList&gt;
        &lt;field id="Incident_ID" type="java.lang.String"&gt;
          &lt;propertyMap&gt;
            &lt;entry key="adhoc.expression" /&gt;
          &lt;/propertyMap&gt;
        &lt;/field&gt;
        &lt;field id="Agent" type="java.lang.String" /&gt;
        &lt;field id="Type" type="java.lang.String"&gt;
          &lt;propertyMap&gt;
            &lt;entry key="adhoc.expression" /&gt;
          &lt;/propertyMap&gt;
        &lt;/field&gt;
        &lt;field id="CloseDate" type="java.lang.String"&gt;
          &lt;propertyMap&gt;
            &lt;entry key="adhoc.expression" /&gt;
          &lt;/propertyMap&gt;
        &lt;/field&gt;
        &lt;field id="CloseMonth" type="java.lang.String"&gt;
          &lt;propertyMap&gt;
            &lt;entry key="adhoc.expression" /&gt;
          &lt;/propertyMap&gt;
        &lt;/field&gt;
        &lt;field id="CloseYear" type="java.lang.String"&gt;
          &lt;propertyMap&gt;
            &lt;entry key="adhoc.expression" /&gt;
          &lt;/propertyMap&gt;
        &lt;/field&gt;
        &lt;field id="CloseDay" type="java.lang.String"&gt;
          &lt;propertyMap&gt;
            &lt;entry key="adhoc.expression" /&gt;
          &lt;/propertyMap&gt;
        &lt;/field&gt;
        &lt;field id="DraftAmount" type="java.lang.Double"&gt;
          &lt;propertyMap&gt;
            &lt;entry key="adhoc.expression" /&gt;
          &lt;/propertyMap&gt;
        &lt;/field&gt;
        &lt;field id="VoucherAmount" type="java.lang.Double"&gt;
          &lt;propertyMap&gt;
            &lt;entry key="adhoc.expression" /&gt;
          &lt;/propertyMap&gt;
        &lt;/field&gt;
      &lt;/fieldList&gt;
      &lt;sortList&gt;
        &lt;sortColumn columnName="Agent" /&gt;
      &lt;/sortList&gt;
      &lt;source&gt;
        &lt;jrQueryDataSet datasourceId="WN_DataSource" maxRows="200001" queryLanguage="SQL"&gt;
          &lt;fieldList&gt;
            &lt;field id="Incident_ID" type="java.lang.String"&gt;
              &lt;propertyMap&gt;
                &lt;entry key="aggregateExpression"&gt;
                  &lt;string&gt;CountAll(Incident_ID)&lt;/string&gt;
                &lt;/entry&gt;
                &lt;entry key="adhoc.display"&gt;
                  &lt;string&gt;Incident_ID&lt;/string&gt;
                &lt;/entry&gt;
                &lt;entry key="com.jaspersoft.studio.field.label"&gt;
                  &lt;string&gt;Incident_ID&lt;/string&gt;
                &lt;/entry&gt;
                &lt;entry key="defaultAgg"&gt;
                  &lt;string&gt;CountAll&lt;/string&gt;
                &lt;/entry&gt;
                &lt;entry key="kind"&gt;
                  &lt;string&gt;DIMENSION&lt;/string&gt;
                &lt;/entry&gt;
                &lt;entry key="jr.description" /&gt;
                &lt;entry key="defaultMaskId" /&gt;
                &lt;entry key="defaultMask" /&gt;
                &lt;entry key="com.jaspersoft.studio.field.tree.path"&gt;
                  &lt;string&gt;incident&lt;/string&gt;
                &lt;/entry&gt;
                &lt;entry key="aggregateType"&gt;
                  &lt;string&gt;java.lang.Long&lt;/string&gt;
                &lt;/entry&gt;
              &lt;/propertyMap&gt;
            &lt;/field&gt;
            &lt;field id="Agent" type="java.lang.String"&gt;
              &lt;propertyMap&gt;
                &lt;entry key="aggregateExpression"&gt;
                  &lt;string&gt;CountAll(Agent)&lt;/string&gt;
                &lt;/entry&gt;
                &lt;entry key="adhoc.display"&gt;
                  &lt;string&gt;Agent&lt;/string&gt;
                &lt;/entry&gt;
                &lt;entry key="com.jaspersoft.studio.field.label"&gt;
                  &lt;string&gt;Agent&lt;/string&gt;
                &lt;/entry&gt;
                &lt;entry key="defaultAgg"&gt;
                  &lt;string&gt;CountAll&lt;/string&gt;
                &lt;/entry&gt;
                &lt;entry key="kind"&gt;
                  &lt;string&gt;DIMENSION&lt;/string&gt;
                &lt;/entry&gt;
                &lt;entry key="jr.description" /&gt;
                &lt;entry key="defaultMaskId" /&gt;
                &lt;entry key="defaultMask" /&gt;
                &lt;entry key="aggregateType"&gt;
                  &lt;string&gt;java.lang.Long&lt;/string&gt;
                &lt;/entry&gt;
              &lt;/propertyMap&gt;
            &lt;/field&gt;
            &lt;field id="Type" type="java.lang.String"&gt;
              &lt;propertyMap&gt;
                &lt;entry key="aggregateExpression"&gt;
                  &lt;string&gt;CountAll(Type)&lt;/string&gt;
                &lt;/entry&gt;
                &lt;entry key="adhoc.display"&gt;
                  &lt;string&gt;Type&lt;/string&gt;
                &lt;/entry&gt;
                &lt;entry key="com.jaspersoft.studio.field.label"&gt;
                  &lt;string&gt;Type&lt;/string&gt;
                &lt;/entry&gt;
                &lt;entry key="defaultAgg"&gt;
                  &lt;string&gt;CountAll&lt;/string&gt;
                &lt;/entry&gt;
                &lt;entry key="kind"&gt;
                  &lt;string&gt;DIMENSION&lt;/string&gt;
                &lt;/entry&gt;
                &lt;entry key="jr.description" /&gt;
                &lt;entry key="defaultMaskId" /&gt;
                &lt;entry key="defaultMask" /&gt;
                &lt;entry key="aggregateType"&gt;
                  &lt;string&gt;java.lang.Long&lt;/string&gt;
                &lt;/entry&gt;
              &lt;/propertyMap&gt;
            &lt;/field&gt;
            &lt;field id="CloseDate" type="java.lang.String"&gt;
              &lt;propertyMap&gt;
                &lt;entry key="aggregateExpression"&gt;
                  &lt;string&gt;CountAll(CloseDate)&lt;/string&gt;
                &lt;/entry&gt;
                &lt;entry key="adhoc.display"&gt;
                  &lt;string&gt;CloseDate&lt;/string&gt;
                &lt;/entry&gt;
                &lt;entry key="com.jaspersoft.studio.field.label"&gt;
                  &lt;string&gt;CloseDate&lt;/string&gt;
                &lt;/entry&gt;
                &lt;entry key="defaultAgg"&gt;
                  &lt;string&gt;CountAll&lt;/string&gt;
                &lt;/entry&gt;
                &lt;entry key="kind"&gt;
                  &lt;string&gt;DIMENSION&lt;/string&gt;
                &lt;/entry&gt;
                &lt;entry key="jr.description" /&gt;
                &lt;entry key="defaultMaskId" /&gt;
                &lt;entry key="defaultMask" /&gt;
                &lt;entry key="aggregateType"&gt;
                  &lt;string&gt;java.lang.Long&lt;/string&gt;
                &lt;/entry&gt;
              &lt;/propertyMap&gt;
            &lt;/field&gt;
            &lt;field id="CloseMonth" type="java.lang.String"&gt;
              &lt;propertyMap&gt;
                &lt;entry key="aggregateExpression"&gt;
                  &lt;string&gt;CountAll(CloseMonth)&lt;/string&gt;
                &lt;/entry&gt;
                &lt;entry key="adhoc.display"&gt;
                  &lt;string&gt;CloseMonth&lt;/string&gt;
                &lt;/entry&gt;
                &lt;entry key="com.jaspersoft.studio.field.label"&gt;
                  &lt;string&gt;CloseMonth&lt;/string&gt;
                &lt;/entry&gt;
                &lt;entry key="defaultAgg"&gt;
                  &lt;string&gt;CountAll&lt;/string&gt;
                &lt;/entry&gt;
                &lt;entry key="kind"&gt;
                  &lt;string&gt;DIMENSION&lt;/string&gt;
                &lt;/entry&gt;
                &lt;entry key="jr.description" /&gt;
                &lt;entry key="defaultMaskId" /&gt;
                &lt;entry key="defaultMask" /&gt;
                &lt;entry key="aggregateType"&gt;
                  &lt;string&gt;java.lang.Long&lt;/string&gt;
                &lt;/entry&gt;
              &lt;/propertyMap&gt;
            &lt;/field&gt;
            &lt;field id="CloseYear" type="java.lang.String"&gt;
              &lt;propertyMap&gt;
                &lt;entry key="aggregateExpression"&gt;
                  &lt;string&gt;CountAll(CloseYear)&lt;/string&gt;
                &lt;/entry&gt;
                &lt;entry key="adhoc.display"&gt;
                  &lt;string&gt;CloseYear&lt;/string&gt;
                &lt;/entry&gt;
                &lt;entry key="com.jaspersoft.studio.field.label"&gt;
                  &lt;string&gt;CloseYear&lt;/string&gt;
                &lt;/entry&gt;
                &lt;entry key="defaultAgg"&gt;
                  &lt;string&gt;CountAll&lt;/string&gt;
                &lt;/entry&gt;
                &lt;entry key="kind"&gt;
                  &lt;string&gt;DIMENSION&lt;/string&gt;
                &lt;/entry&gt;
                &lt;entry key="jr.description" /&gt;
                &lt;entry key="defaultMaskId" /&gt;
                &lt;entry key="defaultMask" /&gt;
                &lt;entry key="aggregateType"&gt;
                  &lt;string&gt;java.lang.Long&lt;/string&gt;
                &lt;/entry&gt;
              &lt;/propertyMap&gt;
            &lt;/field&gt;
            &lt;field id="CloseDay" type="java.lang.String"&gt;
              &lt;propertyMap&gt;
                &lt;entry key="aggregateExpression"&gt;
                  &lt;string&gt;CountAll(CloseDay)&lt;/string&gt;
                &lt;/entry&gt;
                &lt;entry key="adhoc.display"&gt;
                  &lt;string&gt;CloseDay&lt;/string&gt;
                &lt;/entry&gt;
                &lt;entry key="com.jaspersoft.studio.field.label"&gt;
                  &lt;string&gt;CloseDay&lt;/string&gt;
                &lt;/entry&gt;
                &lt;entry key="defaultAgg"&gt;
                  &lt;string&gt;CountAll&lt;/string&gt;
                &lt;/entry&gt;
                &lt;entry key="kind"&gt;
                  &lt;string&gt;DIMENSION&lt;/string&gt;
                &lt;/entry&gt;
                &lt;entry key="jr.description" /&gt;
                &lt;entry key="defaultMaskId" /&gt;
                &lt;entry key="defaultMask" /&gt;
                &lt;entry key="aggregateType"&gt;
                  &lt;string&gt;java.lang.Long&lt;/string&gt;
                &lt;/entry&gt;
              &lt;/propertyMap&gt;
            &lt;/field&gt;
            &lt;field id="DraftAmount" type="java.lang.Double"&gt;
              &lt;propertyMap&gt;
                &lt;entry key="aggregateExpression"&gt;
                  &lt;string&gt;Sum(DraftAmount)&lt;/string&gt;
                &lt;/entry&gt;
                &lt;entry key="adhoc.display"&gt;
                  &lt;string&gt;DraftAmount&lt;/string&gt;
                &lt;/entry&gt;
                &lt;entry key="com.jaspersoft.studio.field.label"&gt;
                  &lt;string&gt;DraftAmount&lt;/string&gt;
                &lt;/entry&gt;
                &lt;entry key="defaultAgg"&gt;
                  &lt;string&gt;Sum&lt;/string&gt;
                &lt;/entry&gt;
                &lt;entry key="kind"&gt;
                  &lt;string&gt;MEASURE&lt;/string&gt;
                &lt;/entry&gt;
                &lt;entry key="jr.description" /&gt;
                &lt;entry key="defaultMaskId"&gt;
                  &lt;string&gt;ADH_100_MASK_dec_0&lt;/string&gt;
                &lt;/entry&gt;
                &lt;entry key="defaultMask"&gt;
                  &lt;string&gt;#,##0.00&lt;/string&gt;
                &lt;/entry&gt;
                &lt;entry key="aggregateType"&gt;
                  &lt;string&gt;java.math.BigDecimal&lt;/string&gt;
                &lt;/entry&gt;
              &lt;/propertyMap&gt;
            &lt;/field&gt;
            &lt;field id="VoucherAmount" type="java.lang.Double"&gt;
              &lt;propertyMap&gt;
                &lt;entry key="aggregateExpression"&gt;
                  &lt;string&gt;Sum(VoucherAmount)&lt;/string&gt;
                &lt;/entry&gt;
                &lt;entry key="adhoc.display"&gt;
                  &lt;string&gt;VoucherAmount&lt;/string&gt;
                &lt;/entry&gt;
                &lt;entry key="com.jaspersoft.studio.field.label"&gt;
                  &lt;string&gt;VoucherAmount&lt;/string&gt;
                &lt;/entry&gt;
                &lt;entry key="defaultAgg"&gt;
                  &lt;string&gt;Sum&lt;/string&gt;
                &lt;/entry&gt;
                &lt;entry key="kind"&gt;
                  &lt;string&gt;MEASURE&lt;/string&gt;
                &lt;/entry&gt;
                &lt;entry key="jr.description" /&gt;
                &lt;entry key="defaultMaskId"&gt;
                  &lt;string&gt;ADH_100_MASK_dec_0&lt;/string&gt;
                &lt;/entry&gt;
                &lt;entry key="defaultMask"&gt;
                  &lt;string&gt;#,##0.00&lt;/string&gt;
                &lt;/entry&gt;
                &lt;entry key="aggregateType"&gt;
                  &lt;string&gt;java.math.BigDecimal&lt;/string&gt;
                &lt;/entry&gt;
              &lt;/propertyMap&gt;
            &lt;/field&gt;
          &lt;/fieldList&gt;
          &lt;dsReferenceURI&gt;/adhoc/topics/BagCentral/07_ClaimSettlementKPIs_BCData&lt;/dsReferenceURI&gt;
          &lt;query&gt;select i.Incident_ID, concat(a.firstname, ' ', a.lastname) as Agent, 
case
 when i.itemtype_ID = 2 then 'Missing Article'
 when i.itemtype_id = 3 then 'Damage'
 when (i.itemtype_id = 1 and (select count(*) from item m where m.incident_ID = i.Incident_ID and m.status_ID = 47) &amp;gt; 0) then 'Lost'
else 'IX'
end as Type,
date_format(i.close_date,'%c/%d/%Y') as CloseDate, date_format(i.close_date, '%M') as CloseMonth, 
date_format(i.close_date, '%Y') as CloseYear, date_format(i.close_date, '%a') as CloseDay, 
(select sum(e.checkamt) from expensepayout e where 
  e.incident_ID = i.Incident_ID and 
  e.station_ID = '6' and
  e.paycode != 'DEL' and
  e.paytype = 'DRAFT'and 
  e.expensetype_ID != '14') as DraftAmount,
  (select sum(x.voucheramt) from expensepayout x where 
  x.incident_ID = i.Incident_ID and 
  x.station_ID = '6' and
  x.paycode != 'DEL' and
  x.paytype = 'VOUCH'and 
  x.expensetype_ID != '14') as VoucherAmount
from incident i, agent a
WHERE 
TIMESTAMP(i.close_Date ) &amp;gt;= {ts '2018-01-01 05:00:00'} and
TIMESTAMP(i.close_Date) &amp;lt;= (CURRENT_DATE - INTERVAL 0 DAY) and
(select y.id from incident_activity y where 
                  y.incident = i.Incident_ID 
                  order by y.id limit 1) &amp;gt; 0            
and i.status_id = '13'  
and i.stationassigned_ID = 6 
and a.Agent_ID = i.agentassigned_ID
      and a.usergroup_id in ('22','23','33','35')&lt;/query&gt;
        &lt;/jrQueryDataSet&gt;
      &lt;/source&gt;
    &lt;/memory&gt;
  &lt;/resources&gt;
&lt;/query&gt;

</queryString>
                    <dataSource>
                        <uri>/organizations/Southwest/BagCentral/Datasource/WN_DataSource</uri>
                    </dataSource>
                </localResource>
            </query>
            <queryVisibleColumn>Agent</queryVisibleColumn>
            <queryValueColumn>Agent</queryValueColumn>
        </localResource>
    </inputControl>
    <inputControl>
        <localResource
            xmlns:xsi="http://www.w3.org/2001/XMLSchema-instance"
            exportedWithPermissions="false" xsi:type="inputControl">
            <folder>/organizations/Southwest/BagCentral/AdHocViews/07_ClaimSettlementKPIs/BCData_files</folder>
            <name>Type_1</name>
            <version>1</version>
            <label>Type</label>
            <creationDate>2019-06-21T04:44:59.085Z</creationDate>
            <updateDate>2019-06-21T04:44:59.085Z</updateDate>
            <type>7</type>
            <mandatory>false</mandatory>
            <readOnly>false</readOnly>
            <visible>true</visible>
            <query>
                <localResource exportedWithPermissions="false" xsi:type="query">
                    <folder>/organizations/Southwest/BagCentral/AdHocViews/07_ClaimSettlementKPIs/BCData_files/Type_1_files</folder>
                    <name>Type_1</name>
                    <version>0</version>
                    <label>Type</label>
                    <creationDate>2019-06-21T04:44:59.085Z</creationDate>
                    <updateDate>2019-06-21T04:44:59.085Z</updateDate>
                    <language>domain</language>
                    <queryString>&lt;?xml version="1.0" encoding="UTF-8"?&gt;
&lt;query xmlns="http://www.jaspersoft.com/2007/SL/XMLSchema"&gt;
  &lt;groupList&gt;
    &lt;group columnName="Type" /&gt;
  &lt;/groupList&gt;
  &lt;queryFields&gt;
    &lt;queryField id="Agent" resourceId="Agent" /&gt;
    &lt;queryField id="Type" resourceId="Type" /&gt;
    &lt;queryField id="DraftAmount" resourceId="DraftAmount" /&gt;
    &lt;queryField id="VoucherAmount" resourceId="VoucherAmount" /&gt;
    &lt;queryField id="CloseYear" resourceId="CloseYear" /&gt;
    &lt;queryField id="CloseMonth" resourceId="CloseMonth" /&gt;
    &lt;queryField id="CloseDay" resourceId="CloseDay" /&gt;
    &lt;queryField id="Incident_ID" resourceId="Incident_ID" /&gt;
    &lt;queryField id="CloseDate" resourceId="CloseDate" /&gt;
  &lt;/queryFields&gt;
  &lt;resources&gt;
    &lt;memory id="default"&gt;
      &lt;fieldList&gt;
        &lt;field id="Incident_ID" type="java.lang.String"&gt;
          &lt;propertyMap&gt;
            &lt;entry key="adhoc.expression" /&gt;
          &lt;/propertyMap&gt;
        &lt;/field&gt;
        &lt;field id="Agent" type="java.lang.String"&gt;
          &lt;propertyMap&gt;
            &lt;entry key="adhoc.expression" /&gt;
          &lt;/propertyMap&gt;
        &lt;/field&gt;
        &lt;field id="Type" type="java.lang.String" /&gt;
        &lt;field id="CloseDate" type="java.lang.String"&gt;
          &lt;propertyMap&gt;
            &lt;entry key="adhoc.expression" /&gt;
          &lt;/propertyMap&gt;
        &lt;/field&gt;
        &lt;field id="CloseMonth" type="java.lang.String"&gt;
          &lt;propertyMap&gt;
            &lt;entry key="adhoc.expression" /&gt;
          &lt;/propertyMap&gt;
        &lt;/field&gt;
        &lt;field id="CloseYear" type="java.lang.String"&gt;
          &lt;propertyMap&gt;
            &lt;entry key="adhoc.expression" /&gt;
          &lt;/propertyMap&gt;
        &lt;/field&gt;
        &lt;field id="CloseDay" type="java.lang.String"&gt;
          &lt;propertyMap&gt;
            &lt;entry key="adhoc.expression" /&gt;
          &lt;/propertyMap&gt;
        &lt;/field&gt;
        &lt;field id="DraftAmount" type="java.lang.Double"&gt;
          &lt;propertyMap&gt;
            &lt;entry key="adhoc.expression" /&gt;
          &lt;/propertyMap&gt;
        &lt;/field&gt;
        &lt;field id="VoucherAmount" type="java.lang.Double"&gt;
          &lt;propertyMap&gt;
            &lt;entry key="adhoc.expression" /&gt;
          &lt;/propertyMap&gt;
        &lt;/field&gt;
      &lt;/fieldList&gt;
      &lt;sortList&gt;
        &lt;sortColumn columnName="Type" /&gt;
      &lt;/sortList&gt;
      &lt;source&gt;
        &lt;jrQueryDataSet datasourceId="WN_DataSource" maxRows="200001" queryLanguage="SQL"&gt;
          &lt;fieldList&gt;
            &lt;field id="Incident_ID" type="java.lang.String"&gt;
              &lt;propertyMap&gt;
                &lt;entry key="aggregateExpression"&gt;
                  &lt;string&gt;CountAll(Incident_ID)&lt;/string&gt;
                &lt;/entry&gt;
                &lt;entry key="adhoc.display"&gt;
                  &lt;string&gt;Incident_ID&lt;/string&gt;
                &lt;/entry&gt;
                &lt;entry key="com.jaspersoft.studio.field.label"&gt;
                  &lt;string&gt;Incident_ID&lt;/string&gt;
                &lt;/entry&gt;
                &lt;entry key="defaultAgg"&gt;
                  &lt;string&gt;CountAll&lt;/string&gt;
                &lt;/entry&gt;
                &lt;entry key="kind"&gt;
                  &lt;string&gt;DIMENSION&lt;/string&gt;
                &lt;/entry&gt;
                &lt;entry key="jr.description" /&gt;
                &lt;entry key="defaultMaskId" /&gt;
                &lt;entry key="defaultMask" /&gt;
                &lt;entry key="com.jaspersoft.studio.field.tree.path"&gt;
                  &lt;string&gt;incident&lt;/string&gt;
                &lt;/entry&gt;
                &lt;entry key="aggregateType"&gt;
                  &lt;string&gt;java.lang.Long&lt;/string&gt;
                &lt;/entry&gt;
              &lt;/propertyMap&gt;
            &lt;/field&gt;
            &lt;field id="Agent" type="java.lang.String"&gt;
              &lt;propertyMap&gt;
                &lt;entry key="aggregateExpression"&gt;
                  &lt;string&gt;CountAll(Agent)&lt;/string&gt;
                &lt;/entry&gt;
                &lt;entry key="adhoc.display"&gt;
                  &lt;string&gt;Agent&lt;/string&gt;
                &lt;/entry&gt;
                &lt;entry key="com.jaspersoft.studio.field.label"&gt;
                  &lt;string&gt;Agent&lt;/string&gt;
                &lt;/entry&gt;
                &lt;entry key="defaultAgg"&gt;
                  &lt;string&gt;CountAll&lt;/string&gt;
                &lt;/entry&gt;
                &lt;entry key="kind"&gt;
                  &lt;string&gt;DIMENSION&lt;/string&gt;
                &lt;/entry&gt;
                &lt;entry key="jr.description" /&gt;
                &lt;entry key="defaultMaskId" /&gt;
                &lt;entry key="defaultMask" /&gt;
                &lt;entry key="aggregateType"&gt;
                  &lt;string&gt;java.lang.Long&lt;/string&gt;
                &lt;/entry&gt;
              &lt;/propertyMap&gt;
            &lt;/field&gt;
            &lt;field id="Type" type="java.lang.String"&gt;
              &lt;propertyMap&gt;
                &lt;entry key="aggregateExpression"&gt;
                  &lt;string&gt;CountAll(Type)&lt;/string&gt;
                &lt;/entry&gt;
                &lt;entry key="adhoc.display"&gt;
                  &lt;string&gt;Type&lt;/string&gt;
                &lt;/entry&gt;
                &lt;entry key="com.jaspersoft.studio.field.label"&gt;
                  &lt;string&gt;Type&lt;/string&gt;
                &lt;/entry&gt;
                &lt;entry key="defaultAgg"&gt;
                  &lt;string&gt;CountAll&lt;/string&gt;
                &lt;/entry&gt;
                &lt;entry key="kind"&gt;
                  &lt;string&gt;DIMENSION&lt;/string&gt;
                &lt;/entry&gt;
                &lt;entry key="jr.description" /&gt;
                &lt;entry key="defaultMaskId" /&gt;
                &lt;entry key="defaultMask" /&gt;
                &lt;entry key="aggregateType"&gt;
                  &lt;string&gt;java.lang.Long&lt;/string&gt;
                &lt;/entry&gt;
              &lt;/propertyMap&gt;
            &lt;/field&gt;
            &lt;field id="CloseDate" type="java.lang.String"&gt;
              &lt;propertyMap&gt;
                &lt;entry key="aggregateExpression"&gt;
                  &lt;string&gt;CountAll(CloseDate)&lt;/string&gt;
                &lt;/entry&gt;
                &lt;entry key="adhoc.display"&gt;
                  &lt;string&gt;CloseDate&lt;/string&gt;
                &lt;/entry&gt;
                &lt;entry key="com.jaspersoft.studio.field.label"&gt;
                  &lt;string&gt;CloseDate&lt;/string&gt;
                &lt;/entry&gt;
                &lt;entry key="defaultAgg"&gt;
                  &lt;string&gt;CountAll&lt;/string&gt;
                &lt;/entry&gt;
                &lt;entry key="kind"&gt;
                  &lt;string&gt;DIMENSION&lt;/string&gt;
                &lt;/entry&gt;
                &lt;entry key="jr.description" /&gt;
                &lt;entry key="defaultMaskId" /&gt;
                &lt;entry key="defaultMask" /&gt;
                &lt;entry key="aggregateType"&gt;
                  &lt;string&gt;java.lang.Long&lt;/string&gt;
                &lt;/entry&gt;
              &lt;/propertyMap&gt;
            &lt;/field&gt;
            &lt;field id="CloseMonth" type="java.lang.String"&gt;
              &lt;propertyMap&gt;
                &lt;entry key="aggregateExpression"&gt;
                  &lt;string&gt;CountAll(CloseMonth)&lt;/string&gt;
                &lt;/entry&gt;
                &lt;entry key="adhoc.display"&gt;
                  &lt;string&gt;CloseMonth&lt;/string&gt;
                &lt;/entry&gt;
                &lt;entry key="com.jaspersoft.studio.field.label"&gt;
                  &lt;string&gt;CloseMonth&lt;/string&gt;
                &lt;/entry&gt;
                &lt;entry key="defaultAgg"&gt;
                  &lt;string&gt;CountAll&lt;/string&gt;
                &lt;/entry&gt;
                &lt;entry key="kind"&gt;
                  &lt;string&gt;DIMENSION&lt;/string&gt;
                &lt;/entry&gt;
                &lt;entry key="jr.description" /&gt;
                &lt;entry key="defaultMaskId" /&gt;
                &lt;entry key="defaultMask" /&gt;
                &lt;entry key="aggregateType"&gt;
                  &lt;string&gt;java.lang.Long&lt;/string&gt;
                &lt;/entry&gt;
              &lt;/propertyMap&gt;
            &lt;/field&gt;
            &lt;field id="CloseYear" type="java.lang.String"&gt;
              &lt;propertyMap&gt;
                &lt;entry key="aggregateExpression"&gt;
                  &lt;string&gt;CountAll(CloseYear)&lt;/string&gt;
                &lt;/entry&gt;
                &lt;entry key="adhoc.display"&gt;
                  &lt;string&gt;CloseYear&lt;/string&gt;
                &lt;/entry&gt;
                &lt;entry key="com.jaspersoft.studio.field.label"&gt;
                  &lt;string&gt;CloseYear&lt;/string&gt;
                &lt;/entry&gt;
                &lt;entry key="defaultAgg"&gt;
                  &lt;string&gt;CountAll&lt;/string&gt;
                &lt;/entry&gt;
                &lt;entry key="kind"&gt;
                  &lt;string&gt;DIMENSION&lt;/string&gt;
                &lt;/entry&gt;
                &lt;entry key="jr.description" /&gt;
                &lt;entry key="defaultMaskId" /&gt;
                &lt;entry key="defaultMask" /&gt;
                &lt;entry key="aggregateType"&gt;
                  &lt;string&gt;java.lang.Long&lt;/string&gt;
                &lt;/entry&gt;
              &lt;/propertyMap&gt;
            &lt;/field&gt;
            &lt;field id="CloseDay" type="java.lang.String"&gt;
              &lt;propertyMap&gt;
                &lt;entry key="aggregateExpression"&gt;
                  &lt;string&gt;CountAll(CloseDay)&lt;/string&gt;
                &lt;/entry&gt;
                &lt;entry key="adhoc.display"&gt;
                  &lt;string&gt;CloseDay&lt;/string&gt;
                &lt;/entry&gt;
                &lt;entry key="com.jaspersoft.studio.field.label"&gt;
                  &lt;string&gt;CloseDay&lt;/string&gt;
                &lt;/entry&gt;
                &lt;entry key="defaultAgg"&gt;
                  &lt;string&gt;CountAll&lt;/string&gt;
                &lt;/entry&gt;
                &lt;entry key="kind"&gt;
                  &lt;string&gt;DIMENSION&lt;/string&gt;
                &lt;/entry&gt;
                &lt;entry key="jr.description" /&gt;
                &lt;entry key="defaultMaskId" /&gt;
                &lt;entry key="defaultMask" /&gt;
                &lt;entry key="aggregateType"&gt;
                  &lt;string&gt;java.lang.Long&lt;/string&gt;
                &lt;/entry&gt;
              &lt;/propertyMap&gt;
            &lt;/field&gt;
            &lt;field id="DraftAmount" type="java.lang.Double"&gt;
              &lt;propertyMap&gt;
                &lt;entry key="aggregateExpression"&gt;
                  &lt;string&gt;Sum(DraftAmount)&lt;/string&gt;
                &lt;/entry&gt;
                &lt;entry key="adhoc.display"&gt;
                  &lt;string&gt;DraftAmount&lt;/string&gt;
                &lt;/entry&gt;
                &lt;entry key="com.jaspersoft.studio.field.label"&gt;
                  &lt;string&gt;DraftAmount&lt;/string&gt;
                &lt;/entry&gt;
                &lt;entry key="defaultAgg"&gt;
                  &lt;string&gt;Sum&lt;/string&gt;
                &lt;/entry&gt;
                &lt;entry key="kind"&gt;
                  &lt;string&gt;MEASURE&lt;/string&gt;
                &lt;/entry&gt;
                &lt;entry key="jr.description" /&gt;
                &lt;entry key="defaultMaskId"&gt;
                  &lt;string&gt;ADH_100_MASK_dec_0&lt;/string&gt;
                &lt;/entry&gt;
                &lt;entry key="defaultMask"&gt;
                  &lt;string&gt;#,##0.00&lt;/string&gt;
                &lt;/entry&gt;
                &lt;entry key="aggregateType"&gt;
                  &lt;string&gt;java.math.BigDecimal&lt;/string&gt;
                &lt;/entry&gt;
              &lt;/propertyMap&gt;
            &lt;/field&gt;
            &lt;field id="VoucherAmount" type="java.lang.Double"&gt;
              &lt;propertyMap&gt;
                &lt;entry key="aggregateExpression"&gt;
                  &lt;string&gt;Sum(VoucherAmount)&lt;/string&gt;
                &lt;/entry&gt;
                &lt;entry key="adhoc.display"&gt;
                  &lt;string&gt;VoucherAmount&lt;/string&gt;
                &lt;/entry&gt;
                &lt;entry key="com.jaspersoft.studio.field.label"&gt;
                  &lt;string&gt;VoucherAmount&lt;/string&gt;
                &lt;/entry&gt;
                &lt;entry key="defaultAgg"&gt;
                  &lt;string&gt;Sum&lt;/string&gt;
                &lt;/entry&gt;
                &lt;entry key="kind"&gt;
                  &lt;string&gt;MEASURE&lt;/string&gt;
                &lt;/entry&gt;
                &lt;entry key="jr.description" /&gt;
                &lt;entry key="defaultMaskId"&gt;
                  &lt;string&gt;ADH_100_MASK_dec_0&lt;/string&gt;
                &lt;/entry&gt;
                &lt;entry key="defaultMask"&gt;
                  &lt;string&gt;#,##0.00&lt;/string&gt;
                &lt;/entry&gt;
                &lt;entry key="aggregateType"&gt;
                  &lt;string&gt;java.math.BigDecimal&lt;/string&gt;
                &lt;/entry&gt;
              &lt;/propertyMap&gt;
            &lt;/field&gt;
          &lt;/fieldList&gt;
          &lt;dsReferenceURI&gt;/adhoc/topics/BagCentral/07_ClaimSettlementKPIs_BCData&lt;/dsReferenceURI&gt;
          &lt;query&gt;select i.Incident_ID, concat(a.firstname, ' ', a.lastname) as Agent, 
case
 when i.itemtype_ID = 2 then 'Missing Article'
 when i.itemtype_id = 3 then 'Damage'
 when (i.itemtype_id = 1 and (select count(*) from item m where m.incident_ID = i.Incident_ID and m.status_ID = 47) &amp;gt; 0) then 'Lost'
else 'IX'
end as Type,
date_format(i.close_date,'%c/%d/%Y') as CloseDate, date_format(i.close_date, '%M') as CloseMonth, 
date_format(i.close_date, '%Y') as CloseYear, date_format(i.close_date, '%a') as CloseDay, 
(select sum(e.checkamt) from expensepayout e where 
  e.incident_ID = i.Incident_ID and 
  e.station_ID = '6' and
  e.paycode != 'DEL' and
  e.paytype = 'DRAFT'and 
  e.expensetype_ID != '14') as DraftAmount,
  (select sum(x.voucheramt) from expensepayout x where 
  x.incident_ID = i.Incident_ID and 
  x.station_ID = '6' and
  x.paycode != 'DEL' and
  x.paytype = 'VOUCH'and 
  x.expensetype_ID != '14') as VoucherAmount
from incident i, agent a
WHERE 
TIMESTAMP(i.close_Date ) &amp;gt;= {ts '2018-01-01 05:00:00'} and
TIMESTAMP(i.close_Date) &amp;lt;= (CURRENT_DATE - INTERVAL 0 DAY) and
(select y.id from incident_activity y where 
                  y.incident = i.Incident_ID 
                  order by y.id limit 1) &amp;gt; 0            
and i.status_id = '13'  
and i.stationassigned_ID = 6 
and a.Agent_ID = i.agentassigned_ID
      and a.usergroup_id in ('22','23','33','35')&lt;/query&gt;
        &lt;/jrQueryDataSet&gt;
      &lt;/source&gt;
    &lt;/memory&gt;
  &lt;/resources&gt;
&lt;/query&gt;

</queryString>
                    <dataSource>
                        <uri>/organizations/Southwest/BagCentral/Datasource/WN_DataSource</uri>
                    </dataSource>
                </localResource>
            </query>
            <queryVisibleColumn>Type</queryVisibleColumn>
            <queryValueColumn>Type</queryValueColumn>
        </localResource>
    </inputControl>
    <resource>
        <localResource
            xmlns:xsi="http://www.w3.org/2001/XMLSchema-instance"
            exportedWithPermissions="false" dataFile="topicJRXML.data" xsi:type="fileResource">
            <folder>/organizations/Southwest/BagCentral/AdHocViews/07_ClaimSettlementKPIs/BCData_files</folder>
            <name>topicJRXML</name>
            <version>1</version>
            <label>topicJRXML</label>
            <creationDate>2019-06-21T04:44:14.489Z</creationDate>
            <updateDate>2019-06-21T04:44:14.489Z</updateDate>
            <fileType>jrxml</fileType>
        </localResource>
    </resource>
    <resource>
        <localResource
            xmlns:xsi="http://www.w3.org/2001/XMLSchema-instance"
            exportedWithPermissions="false" dataFile="stateXML.data" xsi:type="fileResource">
            <folder>/organizations/Southwest/BagCentral/AdHocViews/07_ClaimSettlementKPIs/BCData_files</folder>
            <name>stateXML</name>
            <version>1</version>
            <label>stateXML</label>
            <creationDate>2019-06-21T04:44:14.489Z</creationDate>
            <updateDate>2019-06-21T04:44:14.489Z</updateDate>
            <fileType>xml</fileType>
        </localResource>
    </resource>
    <reports>
        <localResource
            xmlns:xsi="http://www.w3.org/2001/XMLSchema-instance"
            exportedWithPermissions="false" xsi:type="reportUnit">
            <folder>/organizations/Southwest/BagCentral/AdHocViews/07_ClaimSettlementKPIs/BCData_files</folder>
            <name>dashboardReport</name>
            <version>0</version>
            <label>dashboardReport</label>
            <creationDate>2019-06-21T04:44:59.085Z</creationDate>
            <updateDate>2019-06-21T04:44:59.085Z</updateDate>
            <mainReport>
                <localResource exportedWithPermissions="false"
                    dataFile="mainReportJrxml.data" xsi:type="fileResource">
                    <folder>/organizations/Southwest/BagCentral/AdHocViews/07_ClaimSettlementKPIs/BCData_files/dashboardReport_files</folder>
                    <name>mainReportJrxml</name>
                    <version>0</version>
                    <label>mainReportJrxml</label>
                    <creationDate>2019-06-21T04:44:59.085Z</creationDate>
                    <updateDate>2019-06-21T04:44:59.085Z</updateDate>
                    <fileType>jrxml</fileType>
                </localResource>
            </mainReport>
            <resource>
                <localResource exportedWithPermissions="false"
                    dataFile="stateXML.data" xsi:type="fileResource">
                    <folder>/organizations/Southwest/BagCentral/AdHocViews/07_ClaimSettlementKPIs/BCData_files/dashboardReport_files</folder>
                    <name>stateXML</name>
                    <version>0</version>
                    <label>stateXML</label>
                    <creationDate>2019-06-21T04:44:59.085Z</creationDate>
                    <updateDate>2019-06-21T04:44:59.085Z</updateDate>
                    <fileType>xml</fileType>
                </localResource>
            </resource>
            <alwaysPromptControls>true</alwaysPromptControls>
            <controlsLayout>1</controlsLayout>
        </localResource>
    </reports>
    <alwaysPromptControls>true</alwaysPromptControls>
    <controlsLayout>1</controlsLayout>
</adhocDataView>
