<?xml version="1.0" encoding="UTF-8"?>
<reportJob>
    <jobId>469734</jobId>
    <version>6</version>
    <username>rlehr|Southwest</username>
    <label>Monthly Baggage Expenses 2</label>
    <description>Monthly report for FP&amp;A - Two Months Previous</description>
    <trigger xmlns:xsi="http://www.w3.org/2001/XMLSchema-instance" xsi:type="reportJobCalendarTrigger">
        <triggerId>469730</triggerId>
        <version>3</version>
        <timezone>UTC</timezone>
        <startType>1</startType>
        <misfireInstruction>0</misfireInstruction>
        <minutes>15</minutes>
        <hours>6</hours>
        <daysType>3</daysType>
        <monthDays>4</monthDays>
        <months>1,2,3,4,5,6,7,8,9,10,11,12</months>
    </trigger>
    <source>
        <reportUnitURI>/organizations/Southwest/CBS/Incident_And_Payout_Information_Detailed_Report</reportUnitURI>
        <parameter>
            <key xmlns:xsi="http://www.w3.org/2001/XMLSchema-instance"
                xmlns:java="http://java.sun.com" xsi:type="java:java.lang.String">REPORT_TIME_ZONE</key>
            <value xmlns:xsi="http://www.w3.org/2001/XMLSchema-instance"
                xmlns:java="http://java.sun.com" dirty="true"
                DSTSavings="0" raw-offset="0" xsi:type="java:sun.util.calendar.ZoneInfo">
                <ID>UTC</ID>
                <display-name>Coordinated Universal Time</display-name>
            </value>
            <valueType>single</valueType>
        </parameter>
        <parameter>
            <key xmlns:xsi="http://www.w3.org/2001/XMLSchema-instance"
                xmlns:java="http://java.sun.com" xsi:type="java:java.lang.String">INCIDENT_DATE_1</key>
            <value xmlns:xsi="http://www.w3.org/2001/XMLSchema-instance"
                xmlns:java="http://java.sun.com" xsi:type="java:com.jaspersoft.jasperserver.export.modules.common.rd.DateRangeDTO">
                <value-class>java.util.Date</value-class>
                <expression>MONTH-2</expression>
            </value>
            <valueType>single</valueType>
        </parameter>
    </source>
    <baseOutputFilename>Incident_And_Payout_Information_Detailed_Report_Two_Months_Back</baseOutputFilename>
    <outputFormat>5</outputFormat>
    <contentRepositoryDestination>
        <id>469731</id>
        <version>6</version>
        <folderURI>/organizations/Southwest/CBS</folderURI>
        <sequentialFilenames>false</sequentialFilenames>
        <overwriteFiles>true</overwriteFiles>
        <outputDescription>Two Months Previous</outputDescription>
        <saveToRepository>true</saveToRepository>
        <usingDefaultReportOutputFolderURI>false</usingDefaultReportOutputFolderURI>
        <outputFTPInfo>
            <userName>anonymous</userName>
            <password>ENC&lt;441EF90FB19BE5C3E4B322E91A8E89B5&gt;</password>
            <propertiesMapKeys>PORT_PROPERTY</propertiesMapKeys>
            <propertiesMapKeys>FTP_TYPE_PROPERTY</propertiesMapKeys>
            <propertiesMapValues>21</propertiesMapValues>
            <propertiesMapValues>TYPE_FTP</propertiesMapValues>
        </outputFTPInfo>
    </contentRepositoryDestination>
    <mailNotification>
        <id>469732</id>
        <version>6</version>
        <toAddress>bob.lehr@wnco.com</toAddress>
        <subject>NetTracer Baggage Expense Report</subject>
        <messageText>Two months previous data</messageText>
        <resultSendType>2</resultSendType>
        <skipEmptyReports>false</skipEmptyReports>
        <includingStackTraceWhenJobFails>false</includingStackTraceWhenJobFails>
        <skipNotificationWhenJobFails>false</skipNotificationWhenJobFails>
    </mailNotification>
    <alert>
        <id>0</id>
        <version>-1</version>
        <recipient>3</recipient>
        <toAddresses>bob.lehr@wnco.com</toAddresses>
        <jobState>2</jobState>
        <subject>ERROR!!! NetTracer Report Failure </subject>
        <messageText>NetTracer Baggage Expense Report - Two Months Previous Data</messageText>
        <messageTextWhenJobFails>Error with report for Jennifer Meyer</messageTextWhenJobFails>
        <includingStackTrace>true</includingStackTrace>
        <includingReportJobInfo>false</includingReportJobInfo>
    </alert>
    <creationDate xmlns:xsi="http://www.w3.org/2001/XMLSchema-instance"
        xmlns:java="http://java.sun.com" xsi:type="java:java.lang.String">2019-07-10 22:13:33.585</creationDate>
    <paused>false</paused>
</reportJob>
