<?xml version="1.0" encoding="UTF-8"?>
<reportJob>
    <jobId>471287</jobId>
    <version>3</version>
    <username>rlehr|Southwest</username>
    <label>Monthly Baggage Expense 1</label>
    <description>Last Months Data</description>
    <trigger xmlns:xsi="http://www.w3.org/2001/XMLSchema-instance" xsi:type="reportJobCalendarTrigger">
        <triggerId>471285</triggerId>
        <version>1</version>
        <timezone>UTC</timezone>
        <startType>1</startType>
        <misfireInstruction>0</misfireInstruction>
        <minutes>0</minutes>
        <hours>6</hours>
        <daysType>3</daysType>
        <monthDays>4</monthDays>
        <months>1,2,3,4,5,6,7,8,9,10,11,12</months>
    </trigger>
    <source>
        <reportUnitURI>/organizations/Southwest/CBS/Incident_And_Payout_Information_Detailed_Report</reportUnitURI>
        <parameter>
            <key xmlns:xsi="http://www.w3.org/2001/XMLSchema-instance"
                xmlns:java="http://java.sun.com" xsi:type="java:java.lang.String">REPORT_TIME_ZONE</key>
            <value xmlns:xsi="http://www.w3.org/2001/XMLSchema-instance"
                xmlns:java="http://java.sun.com" dirty="true"
                DSTSavings="0" raw-offset="0" xsi:type="java:sun.util.calendar.ZoneInfo">
                <ID>UTC</ID>
                <display-name>Coordinated Universal Time</display-name>
            </value>
            <valueType>single</valueType>
        </parameter>
        <parameter>
            <key xmlns:xsi="http://www.w3.org/2001/XMLSchema-instance"
                xmlns:java="http://java.sun.com" xsi:type="java:java.lang.String">INCIDENT_DATE_1</key>
            <value xmlns:xsi="http://www.w3.org/2001/XMLSchema-instance"
                xmlns:java="http://java.sun.com" xsi:type="java:com.jaspersoft.jasperserver.export.modules.common.rd.DateRangeDTO">
                <value-class>java.util.Date</value-class>
                <expression>MONTH-1</expression>
            </value>
            <valueType>single</valueType>
        </parameter>
    </source>
    <baseOutputFilename>Incident_and_Payout_Information_Detailed_Report_Last_Month</baseOutputFilename>
    <outputFormat>5</outputFormat>
    <contentRepositoryDestination>
        <id>471286</id>
        <version>3</version>
        <folderURI>/organizations/Southwest/CBS</folderURI>
        <sequentialFilenames>false</sequentialFilenames>
        <overwriteFiles>true</overwriteFiles>
        <outputDescription>Last Months Data</outputDescription>
        <saveToRepository>true</saveToRepository>
        <usingDefaultReportOutputFolderURI>false</usingDefaultReportOutputFolderURI>
        <outputFTPInfo>
            <userName>anonymous</userName>
            <password>ENC&lt;441EF90FB19BE5C3E4B322E91A8E89B5&gt;</password>
            <propertiesMapKeys>PORT_PROPERTY</propertiesMapKeys>
            <propertiesMapKeys>FTP_TYPE_PROPERTY</propertiesMapKeys>
            <propertiesMapValues>21</propertiesMapValues>
            <propertiesMapValues>TYPE_FTP</propertiesMapValues>
        </outputFTPInfo>
    </contentRepositoryDestination>
    <mailNotification>
        <id>471300</id>
        <version>2</version>
        <toAddress>bob.lehr@wnco.com</toAddress>
        <subject>Monthly Payout Report - Last Month</subject>
        <messageText></messageText>
        <resultSendType>2</resultSendType>
        <skipEmptyReports>false</skipEmptyReports>
        <includingStackTraceWhenJobFails>false</includingStackTraceWhenJobFails>
        <skipNotificationWhenJobFails>false</skipNotificationWhenJobFails>
    </mailNotification>
    <alert>
        <id>0</id>
        <version>-1</version>
        <recipient>3</recipient>
        <toAddresses>bob.lehr@wnco.com</toAddresses>
        <jobState>2</jobState>
        <subject>Error!!! - NetTracer Report Failure</subject>
        <messageText></messageText>
        <messageTextWhenJobFails>Monthly Payout Report for Last Months Data Failed.</messageTextWhenJobFails>
        <includingStackTrace>false</includingStackTrace>
        <includingReportJobInfo>false</includingReportJobInfo>
    </alert>
    <creationDate xmlns:xsi="http://www.w3.org/2001/XMLSchema-instance"
        xmlns:java="http://java.sun.com" xsi:type="java:java.lang.String">2019-07-15 13:38:25.41</creationDate>
    <paused>false</paused>
</reportJob>
