<?xml version="1.0" encoding="UTF-8"?>
<inputControl exportedWithPermissions="true">
    <folder>/organizations/Southwest/BagCentral/InputControls</folder>
    <name>edate</name>
    <version>1</version>
    <label>edate</label>
    <description></description>
    <creationDate>2018-12-13T02:59:20.563Z</creationDate>
    <updateDate>2018-11-30T05:24:16.638Z</updateDate>
    <type>2</type>
    <mandatory>false</mandatory>
    <readOnly>false</readOnly>
    <visible>true</visible>
    <dataType>
        <localResource
            xmlns:xsi="http://www.w3.org/2001/XMLSchema-instance"
            exportedWithPermissions="false" xsi:type="dataType">
            <folder>/organizations/Southwest/BagCentral/InputControls/edate_files</folder>
            <name>edate</name>
            <version>1</version>
            <label>edate</label>
            <description></description>
            <creationDate>2018-12-13T02:59:20.563Z</creationDate>
            <updateDate>2018-11-30T05:24:16.638Z</updateDate>
            <type>3</type>
            <strictMin>false</strictMin>
            <strictMax>false</strictMax>
        </localResource>
    </dataType>
</inputControl>
