<?xml version="1.0" encoding="UTF-8"?>
<export><property name="pathProcessorId" value="zip"/><property name="rootTenantId" value="organizations"/><property name="jsVersion" value="7.1.0 PRO"/><module id="repositoryResources"><resource>/organizations/Southwest/Bag_Status_Testing</resource><resource>/organizations/Southwest/Customer_Incidents</resource><resource>/organizations/Southwest/incidents_that_became_claims</resource><resource>/organizations/Southwest/JNDI_SWA_NetTracer_DB</resource><resource>/organizations/Southwest/SWA_NetTracer_DB</resource><resource>/organizations/Southwest/Incident_Activity</resource><resource>/organizations/Southwest/Inbound_Claims_by_Type_Report.pdf</resource><resource>/organizations/Southwest/V1ACAA_Expenses</resource><resource>/organizations/Southwest/Q_Test</resource></module><module id="reportJobs"/></export>