<?xml version="1.0" encoding="UTF-8"?>
<folder exportedWithPermissions="true">
    <parent>/organizations/Southwest/BagCentral/AdHocViews</parent>
    <name>01_CurrentFileAssignments</name>
    <label>01_CurrentFileAssignments</label>
    <description></description>
    <creationDate>2018-12-09T19:21:08.949Z</creationDate>
    <updateDate>2018-11-30T05:26:48.164Z</updateDate>
    <resource>Incident_Count_By_Agent_Last_Name</resource>
    <resource>Incident_Count_By_Status</resource>
    <resource>Incident_Type_Count</resource>
    <resource>IncidentData</resource>
    <resource>Incidents_Count__Days_Since_Activities_</resource>
    <resource>Status_Count</resource>
</folder>
