<?xml version="1.0" encoding="UTF-8"?>
<folder exportedWithPermissions="true">
    <parent>/organizations/Southwest/BagCentral</parent>
    <name>AdHocViews</name>
    <label>AdHocViews</label>
    <description></description>
    <creationDate>2018-12-09T19:21:08.652Z</creationDate>
    <updateDate>2018-11-29T01:01:06.492Z</updateDate>
    <folder>01_CurrentFileAssignments</folder>
    <folder>02_InboundClaims</folder>
    <folder>03_BC_UsersUnacknowledgedTasks</folder>
    <folder>04_BC_ClaimPayoutsByAgent</folder>
    <folder>05_BagCentralSettlements</folder>
    <folder>06_LZ_UnassignedFiles</folder>
    <folder>07_ClaimSettlementKPIs</folder>
    <folder>1a_CurrentFileAssignments3yrsData</folder>
    <folder>4a_CBS_ClaimPayoutsByAgent</folder>
    <resource>ACAA_Expenses_Report.pdf</resource>
    <resource>Types_of_Incidents_by_Station</resource>
</folder>
