<?xml version="1.0" encoding="UTF-8"?>
<adhocDataView exportedWithPermissions="true">
    <folder>/organizations/Southwest/BagCentral/AdHocViews</folder>
    <name>Types_of_Incidents_by_Station</name>
    <version>2</version>
    <label>Types of Incidents by Station</label>
    <description></description>
    <creationDate>2019-02-12T17:54:57.377Z</creationDate>
    <updateDate>2019-02-19T20:10:14.200Z</updateDate>
    <dataSource>
        <uri>/organizations/Southwest/Customer_Incidents</uri>
    </dataSource>
    <inputControl>
        <localResource
            xmlns:xsi="http://www.w3.org/2001/XMLSchema-instance"
            exportedWithPermissions="false" xsi:type="inputControl">
            <folder>/organizations/Southwest/BagCentral/AdHocViews/Types_of_Incidents_by_Station_files</folder>
            <name>Station_1</name>
            <version>1</version>
            <label>Station</label>
            <creationDate>2019-02-19T20:10:14.200Z</creationDate>
            <updateDate>2019-02-19T20:10:14.200Z</updateDate>
            <type>7</type>
            <mandatory>false</mandatory>
            <readOnly>false</readOnly>
            <visible>true</visible>
            <query>
                <localResource exportedWithPermissions="false" xsi:type="query">
                    <folder>/organizations/Southwest/BagCentral/AdHocViews/Types_of_Incidents_by_Station_files/Station_1_files</folder>
                    <name>Station_1</name>
                    <version>0</version>
                    <label>Station</label>
                    <creationDate>2019-02-19T20:10:14.200Z</creationDate>
                    <updateDate>2019-02-19T20:10:14.200Z</updateDate>
                    <language>domain</language>
                    <queryString>&lt;?xml version="1.0" encoding="UTF-8"?&gt;
&lt;query xmlns="http://www.jaspersoft.com/2007/SL/XMLSchema"&gt;
  &lt;groupList&gt;
    &lt;group columnName="station.Station" /&gt;
  &lt;/groupList&gt;
  &lt;queryFields&gt;
    &lt;queryField id="station.Station" /&gt;
    &lt;queryField id="station.stationcode" /&gt;
  &lt;/queryFields&gt;
&lt;/query&gt;

</queryString>
                    <dataSource>
                        <uri>/organizations/Southwest/Customer_Incidents</uri>
                    </dataSource>
                </localResource>
            </query>
            <queryVisibleColumn>station.Station</queryVisibleColumn>
            <queryValueColumn>station.Station</queryValueColumn>
        </localResource>
    </inputControl>
    <inputControl>
        <localResource
            xmlns:xsi="http://www.w3.org/2001/XMLSchema-instance"
            exportedWithPermissions="false" xsi:type="inputControl">
            <folder>/organizations/Southwest/BagCentral/AdHocViews/Types_of_Incidents_by_Station_files</folder>
            <name>createdate_1</name>
            <version>1</version>
            <label>createdate between</label>
            <creationDate>2019-02-19T20:10:14.200Z</creationDate>
            <updateDate>2019-02-19T20:10:14.200Z</updateDate>
            <type>2</type>
            <mandatory>false</mandatory>
            <readOnly>false</readOnly>
            <visible>true</visible>
            <dataType>
                <localResource exportedWithPermissions="false" xsi:type="dataType">
                    <folder>/organizations/Southwest/BagCentral/AdHocViews/Types_of_Incidents_by_Station_files/createdate_1_files</folder>
                    <name>date</name>
                    <version>0</version>
                    <label>Date</label>
                    <creationDate>2019-02-19T20:10:14.200Z</creationDate>
                    <updateDate>2019-02-19T20:10:14.200Z</updateDate>
                    <type>3</type>
                    <strictMin>false</strictMin>
                    <strictMax>false</strictMax>
                </localResource>
            </dataType>
        </localResource>
    </inputControl>
    <inputControl>
        <localResource
            xmlns:xsi="http://www.w3.org/2001/XMLSchema-instance"
            exportedWithPermissions="false" xsi:type="inputControl">
            <folder>/organizations/Southwest/BagCentral/AdHocViews/Types_of_Incidents_by_Station_files</folder>
            <name>createdate_2</name>
            <version>1</version>
            <label>and</label>
            <creationDate>2019-02-19T20:10:14.200Z</creationDate>
            <updateDate>2019-02-19T20:10:14.200Z</updateDate>
            <type>2</type>
            <mandatory>false</mandatory>
            <readOnly>false</readOnly>
            <visible>true</visible>
            <dataType>
                <localResource exportedWithPermissions="false" xsi:type="dataType">
                    <folder>/organizations/Southwest/BagCentral/AdHocViews/Types_of_Incidents_by_Station_files/createdate_2_files</folder>
                    <name>date</name>
                    <version>0</version>
                    <label>Date</label>
                    <creationDate>2019-02-19T20:10:14.200Z</creationDate>
                    <updateDate>2019-02-19T20:10:14.200Z</updateDate>
                    <type>3</type>
                    <strictMin>false</strictMin>
                    <strictMax>false</strictMax>
                </localResource>
            </dataType>
        </localResource>
    </inputControl>
    <resource>
        <localResource
            xmlns:xsi="http://www.w3.org/2001/XMLSchema-instance"
            exportedWithPermissions="false" dataFile="topicJRXML.data" xsi:type="fileResource">
            <folder>/organizations/Southwest/BagCentral/AdHocViews/Types_of_Incidents_by_Station_files</folder>
            <name>topicJRXML</name>
            <version>2</version>
            <label>topicJRXML</label>
            <creationDate>2019-02-12T19:30:25.568Z</creationDate>
            <updateDate>2019-02-12T19:30:25.568Z</updateDate>
            <fileType>jrxml</fileType>
        </localResource>
    </resource>
    <resource>
        <localResource
            xmlns:xsi="http://www.w3.org/2001/XMLSchema-instance"
            exportedWithPermissions="false" dataFile="stateXML.data" xsi:type="fileResource">
            <folder>/organizations/Southwest/BagCentral/AdHocViews/Types_of_Incidents_by_Station_files</folder>
            <name>stateXML</name>
            <version>2</version>
            <label>stateXML</label>
            <creationDate>2019-02-12T19:30:25.568Z</creationDate>
            <updateDate>2019-02-12T19:30:25.568Z</updateDate>
            <fileType>xml</fileType>
        </localResource>
    </resource>
    <alwaysPromptControls>false</alwaysPromptControls>
    <controlsLayout>1</controlsLayout>
</adhocDataView>
