<?xml version="1.0" encoding="UTF-8"?>
<semanticLayerDataSource exportedWithPermissions="true">
    <folder>/organizations/Southwest</folder>
    <name>incidents_that_became_claims</name>
    <version>44</version>
    <label>Incident Information</label>
    <description>Includes payout data</description>
    <creationDate>2019-03-18T13:04:34.432Z</creationDate>
    <updateDate>2019-07-30T19:56:39.609Z</updateDate>
    <schema>
        <localResource
            xmlns:xsi="http://www.w3.org/2001/XMLSchema-instance"
            exportedWithPermissions="false" dataFile="schema.data" xsi:type="fileResource">
            <folder>/organizations/Southwest/incidents_that_became_claims_files</folder>
            <name>schema</name>
            <version>1</version>
            <label>schema</label>
            <description>schema</description>
            <creationDate>2019-07-10T21:09:24.158Z</creationDate>
            <updateDate>2019-07-10T21:09:24.158Z</updateDate>
            <fileType>xml</fileType>
        </localResource>
    </schema>
    <dataSource>
        <alias>WN_DataSource</alias>
        <dataSourceReference>
            <uri>/organizations/Southwest/BagCentral/Datasource/WN_DataSource</uri>
        </dataSourceReference>
    </dataSource>
</semanticLayerDataSource>
