<?xml version="1.0" encoding="UTF-8"?>
<folder exportedWithPermissions="true">
    <parent>/organizations/Southwest/BagCentral/AdHocViews</parent>
    <name>05_BagCentralSettlements</name>
    <label>05_BagCentralSettlements</label>
    <description></description>
    <creationDate>2019-01-25T07:03:13.297Z</creationDate>
    <updateDate>2019-01-25T07:03:13.297Z</updateDate>
    <resource>BC_YTD_Settle_Agent_By_Month</resource>
    <resource>BC_YTD_Settle_By_Voucher_Only</resource>
    <resource>Data</resource>
</folder>
