<?xml version="1.0" encoding="UTF-8"?>
<folder exportedWithPermissions="true">
    <parent>/organizations/Southwest</parent>
    <name>BagCentral</name>
    <label>BagCentral</label>
    <description></description>
    <creationDate>2018-12-09T19:21:08.561Z</creationDate>
    <updateDate>2018-11-29T01:00:55.087Z</updateDate>
    <folder>AdHocViews</folder>
    <folder>Dashboards</folder>
    <folder>Datasource</folder>
    <folder>Domains</folder>
    <folder>InputControls</folder>
    <folder>Reports</folder>
</folder>
