<?xml version="1.0" encoding="UTF-8"?>
<semanticLayerDataSource exportedWithPermissions="true">
    <folder>/organizations/Southwest/BagCentral/Domains</folder>
    <name>BagCentralDomain</name>
    <version>0</version>
    <label>BagCentralDomain</label>
    <description></description>
    <creationDate>2018-12-09T19:21:09.209Z</creationDate>
    <updateDate>2018-11-30T05:01:08.450Z</updateDate>
    <schema>
        <localResource
            xmlns:xsi="http://www.w3.org/2001/XMLSchema-instance"
            exportedWithPermissions="false" dataFile="schema.data" xsi:type="fileResource">
            <folder>/organizations/Southwest/BagCentral/Domains/BagCentralDomain_files</folder>
            <name>schema</name>
            <version>0</version>
            <label>schema</label>
            <description>schema</description>
            <creationDate>2018-12-09T19:21:09.209Z</creationDate>
            <updateDate>2018-11-30T05:01:08.450Z</updateDate>
            <fileType>xml</fileType>
        </localResource>
    </schema>
    <dataSource>
        <alias>WN_DataSource</alias>
        <dataSourceReference>
            <uri>/organizations/Southwest/BagCentral/Datasource/WN_DataSource</uri>
        </dataSourceReference>
    </dataSource>
</semanticLayerDataSource>
