<?xml version="1.0" encoding="UTF-8"?>
<folder exportedWithPermissions="true">
    <parent>/organizations/Southwest/BagCentral/AdHocViews</parent>
    <name>1a_CurrentFileAssignments3yrsData</name>
    <label>1a_CurrentFileAssignments3yrsData</label>
    <description></description>
    <creationDate>2018-12-13T03:04:51.877Z</creationDate>
    <updateDate>2018-12-13T03:04:51.877Z</updateDate>
    <resource>Incident_Count_By_Agent_Last_Name</resource>
    <resource>Incident_Count_By_Status</resource>
    <resource>Incident_Type_Count</resource>
    <resource>IncidentData</resource>
    <resource>Incidents_Count__Days_Since_Activities_</resource>
    <resource>Status_Count</resource>
    <resource>Status_Count_Barchar</resource>
</folder>
