<?xml version="1.0" encoding="UTF-8"?>
<folder exportedWithPermissions="true">
    <parent>/organizations/Southwest/BagCentral/AdHocViews</parent>
    <name>02_InboundClaims</name>
    <label>02_InboundClaims</label>
    <description></description>
    <creationDate>2019-01-06T23:32:47.950Z</creationDate>
    <updateDate>2019-01-06T23:32:47.950Z</updateDate>
    <resource>ClaimsClosedByAgentCount</resource>
    <resource>ClaimsClosedData</resource>
    <resource>ClaimsClosedSummary</resource>
    <resource>ClaimsCreatedData</resource>
    <resource>ClaimsCreatedSummary</resource>
</folder>
