<?xml version="1.0" encoding="UTF-8"?>
<adhocDataView exportedWithPermissions="true">
    <folder>/organizations/Southwest/BagCentral/AdHocViews/02_InboundClaims</folder>
    <name>ClaimsClosedData</name>
    <version>3</version>
    <label>ClaimsClosedData</label>
    <description></description>
    <creationDate>2019-01-07T00:33:57.238Z</creationDate>
    <updateDate>2019-07-02T03:46:24.110Z</updateDate>
    <dataSource>
        <uri>/organizations/Southwest/BagCentral/Datasource/WN_DataSource</uri>
    </dataSource>
    <inputControl>
        <localResource
            xmlns:xsi="http://www.w3.org/2001/XMLSchema-instance"
            exportedWithPermissions="false" xsi:type="inputControl">
            <folder>/organizations/Southwest/BagCentral/AdHocViews/02_InboundClaims/ClaimsClosedData_files</folder>
            <name>sdate</name>
            <version>3</version>
            <label>sdate</label>
            <description></description>
            <creationDate>2019-01-07T00:33:57.238Z</creationDate>
            <updateDate>2019-01-07T00:33:57.238Z</updateDate>
            <type>2</type>
            <mandatory>false</mandatory>
            <readOnly>false</readOnly>
            <visible>true</visible>
            <dataType>
                <localResource exportedWithPermissions="false" xsi:type="dataType">
                    <folder>/organizations/Southwest/BagCentral/AdHocViews/02_InboundClaims/ClaimsClosedData_files/sdate_files</folder>
                    <name>sdate</name>
                    <version>0</version>
                    <label>sdate</label>
                    <description></description>
                    <creationDate>2019-01-07T00:33:57.238Z</creationDate>
                    <updateDate>2019-01-07T00:33:57.238Z</updateDate>
                    <type>3</type>
                    <strictMin>false</strictMin>
                    <strictMax>false</strictMax>
                </localResource>
            </dataType>
        </localResource>
    </inputControl>
    <inputControl>
        <localResource
            xmlns:xsi="http://www.w3.org/2001/XMLSchema-instance"
            exportedWithPermissions="false" xsi:type="inputControl">
            <folder>/organizations/Southwest/BagCentral/AdHocViews/02_InboundClaims/ClaimsClosedData_files</folder>
            <name>edate</name>
            <version>3</version>
            <label>edate</label>
            <description></description>
            <creationDate>2019-01-07T00:33:57.238Z</creationDate>
            <updateDate>2019-01-07T00:33:57.238Z</updateDate>
            <type>2</type>
            <mandatory>false</mandatory>
            <readOnly>false</readOnly>
            <visible>true</visible>
            <dataType>
                <localResource exportedWithPermissions="false" xsi:type="dataType">
                    <folder>/organizations/Southwest/BagCentral/AdHocViews/02_InboundClaims/ClaimsClosedData_files/edate_files</folder>
                    <name>edate</name>
                    <version>0</version>
                    <label>edate</label>
                    <description></description>
                    <creationDate>2019-01-07T00:33:57.238Z</creationDate>
                    <updateDate>2019-01-07T00:33:57.238Z</updateDate>
                    <type>3</type>
                    <strictMin>false</strictMin>
                    <strictMax>false</strictMax>
                </localResource>
            </dataType>
        </localResource>
    </inputControl>
    <inputControl>
        <localResource
            xmlns:xsi="http://www.w3.org/2001/XMLSchema-instance"
            exportedWithPermissions="false" xsi:type="inputControl">
            <folder>/organizations/Southwest/BagCentral/AdHocViews/02_InboundClaims/ClaimsClosedData_files</folder>
            <name>Type_1</name>
            <version>1</version>
            <label>Type</label>
            <creationDate>2019-07-02T03:46:24.110Z</creationDate>
            <updateDate>2019-07-02T03:46:24.110Z</updateDate>
            <type>7</type>
            <mandatory>false</mandatory>
            <readOnly>false</readOnly>
            <visible>true</visible>
            <query>
                <localResource exportedWithPermissions="false" xsi:type="query">
                    <folder>/organizations/Southwest/BagCentral/AdHocViews/02_InboundClaims/ClaimsClosedData_files/Type_1_files</folder>
                    <name>Type_1</name>
                    <version>0</version>
                    <label>Type</label>
                    <creationDate>2019-07-02T03:46:24.110Z</creationDate>
                    <updateDate>2019-07-02T03:46:24.110Z</updateDate>
                    <language>domain</language>
                    <queryString>&lt;?xml version="1.0" encoding="UTF-8"?&gt;
&lt;query xmlns="http://www.jaspersoft.com/2007/SL/XMLSchema"&gt;
  &lt;groupList&gt;
    &lt;group columnName="Type" /&gt;
  &lt;/groupList&gt;
  &lt;queryFields&gt;
    &lt;queryField id="AgentNumber" resourceId="AgentNumber" /&gt;
    &lt;queryField id="Type" resourceId="Type" /&gt;
    &lt;queryField id="CloseYear" resourceId="CloseYear" /&gt;
    &lt;queryField id="CloseMonth" resourceId="CloseMonth" /&gt;
    &lt;queryField id="CloseDay" resourceId="CloseDay" /&gt;
    &lt;queryField id="AgentName" resourceId="AgentName" /&gt;
    &lt;queryField id="Incident_ID" resourceId="Incident_ID" /&gt;
    &lt;queryField id="CloseDate" resourceId="CloseDate" /&gt;
  &lt;/queryFields&gt;
  &lt;resources&gt;
    &lt;memory id="default"&gt;
      &lt;fieldList&gt;
        &lt;field id="Incident_ID" type="java.lang.String"&gt;
          &lt;propertyMap&gt;
            &lt;entry key="adhoc.expression" /&gt;
          &lt;/propertyMap&gt;
        &lt;/field&gt;
        &lt;field id="Type" type="java.lang.String" /&gt;
        &lt;field id="AgentNumber" type="java.lang.String"&gt;
          &lt;propertyMap&gt;
            &lt;entry key="adhoc.expression" /&gt;
          &lt;/propertyMap&gt;
        &lt;/field&gt;
        &lt;field id="AgentName" type="java.lang.String"&gt;
          &lt;propertyMap&gt;
            &lt;entry key="adhoc.expression" /&gt;
          &lt;/propertyMap&gt;
        &lt;/field&gt;
        &lt;field id="CloseDate" type="java.lang.String"&gt;
          &lt;propertyMap&gt;
            &lt;entry key="adhoc.expression" /&gt;
          &lt;/propertyMap&gt;
        &lt;/field&gt;
        &lt;field id="CloseMonth" type="java.lang.String"&gt;
          &lt;propertyMap&gt;
            &lt;entry key="adhoc.expression" /&gt;
          &lt;/propertyMap&gt;
        &lt;/field&gt;
        &lt;field id="CloseYear" type="java.lang.String"&gt;
          &lt;propertyMap&gt;
            &lt;entry key="adhoc.expression" /&gt;
          &lt;/propertyMap&gt;
        &lt;/field&gt;
        &lt;field id="CloseDay" type="java.lang.String"&gt;
          &lt;propertyMap&gt;
            &lt;entry key="adhoc.expression" /&gt;
          &lt;/propertyMap&gt;
        &lt;/field&gt;
      &lt;/fieldList&gt;
      &lt;sortList&gt;
        &lt;sortColumn columnName="Type" /&gt;
      &lt;/sortList&gt;
      &lt;source&gt;
        &lt;jrQueryDataSet datasourceId="WN_DataSource" maxRows="200001" queryLanguage="SQL"&gt;
          &lt;fieldList&gt;
            &lt;field id="Incident_ID" type="java.lang.String"&gt;
              &lt;propertyMap&gt;
                &lt;entry key="aggregateExpression"&gt;
                  &lt;string&gt;CountAll(Incident_ID)&lt;/string&gt;
                &lt;/entry&gt;
                &lt;entry key="adhoc.display"&gt;
                  &lt;string&gt;Incident_ID&lt;/string&gt;
                &lt;/entry&gt;
                &lt;entry key="com.jaspersoft.studio.field.label"&gt;
                  &lt;string&gt;Incident_ID&lt;/string&gt;
                &lt;/entry&gt;
                &lt;entry key="defaultAgg"&gt;
                  &lt;string&gt;CountAll&lt;/string&gt;
                &lt;/entry&gt;
                &lt;entry key="kind"&gt;
                  &lt;string&gt;DIMENSION&lt;/string&gt;
                &lt;/entry&gt;
                &lt;entry key="jr.description" /&gt;
                &lt;entry key="defaultMaskId" /&gt;
                &lt;entry key="defaultMask" /&gt;
                &lt;entry key="com.jaspersoft.studio.field.tree.path"&gt;
                  &lt;string&gt;incident&lt;/string&gt;
                &lt;/entry&gt;
                &lt;entry key="aggregateType"&gt;
                  &lt;string&gt;java.lang.Long&lt;/string&gt;
                &lt;/entry&gt;
              &lt;/propertyMap&gt;
            &lt;/field&gt;
            &lt;field id="Type" type="java.lang.String"&gt;
              &lt;propertyMap&gt;
                &lt;entry key="aggregateExpression"&gt;
                  &lt;string&gt;CountAll(Type)&lt;/string&gt;
                &lt;/entry&gt;
                &lt;entry key="adhoc.display"&gt;
                  &lt;string&gt;Type&lt;/string&gt;
                &lt;/entry&gt;
                &lt;entry key="com.jaspersoft.studio.field.label"&gt;
                  &lt;string&gt;Type&lt;/string&gt;
                &lt;/entry&gt;
                &lt;entry key="defaultAgg"&gt;
                  &lt;string&gt;CountAll&lt;/string&gt;
                &lt;/entry&gt;
                &lt;entry key="kind"&gt;
                  &lt;string&gt;DIMENSION&lt;/string&gt;
                &lt;/entry&gt;
                &lt;entry key="jr.description" /&gt;
                &lt;entry key="defaultMaskId" /&gt;
                &lt;entry key="defaultMask" /&gt;
                &lt;entry key="aggregateType"&gt;
                  &lt;string&gt;java.lang.Long&lt;/string&gt;
                &lt;/entry&gt;
              &lt;/propertyMap&gt;
            &lt;/field&gt;
            &lt;field id="AgentNumber" type="java.lang.String"&gt;
              &lt;propertyMap&gt;
                &lt;entry key="aggregateExpression"&gt;
                  &lt;string&gt;CountAll(AgentNumber)&lt;/string&gt;
                &lt;/entry&gt;
                &lt;entry key="adhoc.display"&gt;
                  &lt;string&gt;AgentNumber&lt;/string&gt;
                &lt;/entry&gt;
                &lt;entry key="com.jaspersoft.studio.field.label"&gt;
                  &lt;string&gt;AgentNumber&lt;/string&gt;
                &lt;/entry&gt;
                &lt;entry key="defaultAgg"&gt;
                  &lt;string&gt;CountAll&lt;/string&gt;
                &lt;/entry&gt;
                &lt;entry key="kind"&gt;
                  &lt;string&gt;DIMENSION&lt;/string&gt;
                &lt;/entry&gt;
                &lt;entry key="jr.description" /&gt;
                &lt;entry key="defaultMaskId" /&gt;
                &lt;entry key="defaultMask" /&gt;
                &lt;entry key="aggregateType"&gt;
                  &lt;string&gt;java.lang.Long&lt;/string&gt;
                &lt;/entry&gt;
              &lt;/propertyMap&gt;
            &lt;/field&gt;
            &lt;field id="AgentName" type="java.lang.String"&gt;
              &lt;propertyMap&gt;
                &lt;entry key="aggregateExpression"&gt;
                  &lt;string&gt;CountAll(AgentName)&lt;/string&gt;
                &lt;/entry&gt;
                &lt;entry key="adhoc.display"&gt;
                  &lt;string&gt;AgentName&lt;/string&gt;
                &lt;/entry&gt;
                &lt;entry key="com.jaspersoft.studio.field.label"&gt;
                  &lt;string&gt;AgentName&lt;/string&gt;
                &lt;/entry&gt;
                &lt;entry key="defaultAgg"&gt;
                  &lt;string&gt;CountAll&lt;/string&gt;
                &lt;/entry&gt;
                &lt;entry key="kind"&gt;
                  &lt;string&gt;DIMENSION&lt;/string&gt;
                &lt;/entry&gt;
                &lt;entry key="jr.description" /&gt;
                &lt;entry key="defaultMaskId" /&gt;
                &lt;entry key="defaultMask" /&gt;
                &lt;entry key="aggregateType"&gt;
                  &lt;string&gt;java.lang.Long&lt;/string&gt;
                &lt;/entry&gt;
              &lt;/propertyMap&gt;
            &lt;/field&gt;
            &lt;field id="CloseDate" type="java.lang.String"&gt;
              &lt;propertyMap&gt;
                &lt;entry key="aggregateExpression"&gt;
                  &lt;string&gt;CountAll(CloseDate)&lt;/string&gt;
                &lt;/entry&gt;
                &lt;entry key="adhoc.display"&gt;
                  &lt;string&gt;CloseDate&lt;/string&gt;
                &lt;/entry&gt;
                &lt;entry key="com.jaspersoft.studio.field.label"&gt;
                  &lt;string&gt;CloseDate&lt;/string&gt;
                &lt;/entry&gt;
                &lt;entry key="defaultAgg"&gt;
                  &lt;string&gt;CountAll&lt;/string&gt;
                &lt;/entry&gt;
                &lt;entry key="kind"&gt;
                  &lt;string&gt;DIMENSION&lt;/string&gt;
                &lt;/entry&gt;
                &lt;entry key="jr.description" /&gt;
                &lt;entry key="defaultMaskId" /&gt;
                &lt;entry key="defaultMask" /&gt;
                &lt;entry key="aggregateType"&gt;
                  &lt;string&gt;java.lang.Long&lt;/string&gt;
                &lt;/entry&gt;
              &lt;/propertyMap&gt;
            &lt;/field&gt;
            &lt;field id="CloseMonth" type="java.lang.String"&gt;
              &lt;propertyMap&gt;
                &lt;entry key="aggregateExpression"&gt;
                  &lt;string&gt;CountAll(CloseMonth)&lt;/string&gt;
                &lt;/entry&gt;
                &lt;entry key="adhoc.display"&gt;
                  &lt;string&gt;CloseMonth&lt;/string&gt;
                &lt;/entry&gt;
                &lt;entry key="com.jaspersoft.studio.field.label"&gt;
                  &lt;string&gt;CloseMonth&lt;/string&gt;
                &lt;/entry&gt;
                &lt;entry key="defaultAgg"&gt;
                  &lt;string&gt;CountAll&lt;/string&gt;
                &lt;/entry&gt;
                &lt;entry key="kind"&gt;
                  &lt;string&gt;DIMENSION&lt;/string&gt;
                &lt;/entry&gt;
                &lt;entry key="jr.description" /&gt;
                &lt;entry key="defaultMaskId" /&gt;
                &lt;entry key="defaultMask" /&gt;
                &lt;entry key="aggregateType"&gt;
                  &lt;string&gt;java.lang.Long&lt;/string&gt;
                &lt;/entry&gt;
              &lt;/propertyMap&gt;
            &lt;/field&gt;
            &lt;field id="CloseYear" type="java.lang.String"&gt;
              &lt;propertyMap&gt;
                &lt;entry key="aggregateExpression"&gt;
                  &lt;string&gt;CountAll(CloseYear)&lt;/string&gt;
                &lt;/entry&gt;
                &lt;entry key="adhoc.display"&gt;
                  &lt;string&gt;CloseYear&lt;/string&gt;
                &lt;/entry&gt;
                &lt;entry key="com.jaspersoft.studio.field.label"&gt;
                  &lt;string&gt;CloseYear&lt;/string&gt;
                &lt;/entry&gt;
                &lt;entry key="defaultAgg"&gt;
                  &lt;string&gt;CountAll&lt;/string&gt;
                &lt;/entry&gt;
                &lt;entry key="kind"&gt;
                  &lt;string&gt;DIMENSION&lt;/string&gt;
                &lt;/entry&gt;
                &lt;entry key="jr.description" /&gt;
                &lt;entry key="defaultMaskId" /&gt;
                &lt;entry key="defaultMask" /&gt;
                &lt;entry key="aggregateType"&gt;
                  &lt;string&gt;java.lang.Long&lt;/string&gt;
                &lt;/entry&gt;
              &lt;/propertyMap&gt;
            &lt;/field&gt;
            &lt;field id="CloseDay" type="java.lang.String"&gt;
              &lt;propertyMap&gt;
                &lt;entry key="aggregateExpression"&gt;
                  &lt;string&gt;CountAll(CloseDay)&lt;/string&gt;
                &lt;/entry&gt;
                &lt;entry key="adhoc.display"&gt;
                  &lt;string&gt;CloseDay&lt;/string&gt;
                &lt;/entry&gt;
                &lt;entry key="com.jaspersoft.studio.field.label"&gt;
                  &lt;string&gt;CloseDay&lt;/string&gt;
                &lt;/entry&gt;
                &lt;entry key="defaultAgg"&gt;
                  &lt;string&gt;CountAll&lt;/string&gt;
                &lt;/entry&gt;
                &lt;entry key="kind"&gt;
                  &lt;string&gt;DIMENSION&lt;/string&gt;
                &lt;/entry&gt;
                &lt;entry key="jr.description" /&gt;
                &lt;entry key="defaultMaskId" /&gt;
                &lt;entry key="defaultMask" /&gt;
                &lt;entry key="aggregateType"&gt;
                  &lt;string&gt;java.lang.Long&lt;/string&gt;
                &lt;/entry&gt;
              &lt;/propertyMap&gt;
            &lt;/field&gt;
          &lt;/fieldList&gt;
          &lt;dsReferenceURI&gt;/adhoc/topics/BagCentral/02_InboundClaims_ClaimClosedData&lt;/dsReferenceURI&gt;
          &lt;query&gt;select i.Incident_ID, 
       (select p.description from itemtype p where p.ItemType_ID = i.itemtype_ID) as Type, 
       (select a.username from agent a where a.Agent_ID = i.agentassigned_ID) as AgentNumber,
       (select a.lastname from agent a where a.Agent_ID = i.agentassigned_ID) as AgentName,
        date_format(i.close_date ,'%c/%d/%Y') as CloseDate, date_format(i.close_date, '%M') as CloseMonth, 
        date_format(i.Close_Date, '%Y') as CloseYear, date_format(i.close_date, '%a') as CloseDay
from incident i
WHERE 
    $X{BETWEEN, date(i.Close_Date), sdate,edate}
    AND i.stationassigned_ID = 6&lt;/query&gt;
        &lt;/jrQueryDataSet&gt;
      &lt;/source&gt;
    &lt;/memory&gt;
  &lt;/resources&gt;
&lt;/query&gt;

</queryString>
                    <dataSource>
                        <uri>/organizations/Southwest/BagCentral/Datasource/WN_DataSource</uri>
                    </dataSource>
                </localResource>
            </query>
            <queryVisibleColumn>Type</queryVisibleColumn>
            <queryValueColumn>Type</queryValueColumn>
        </localResource>
    </inputControl>
    <inputControl>
        <localResource
            xmlns:xsi="http://www.w3.org/2001/XMLSchema-instance"
            exportedWithPermissions="false" xsi:type="inputControl">
            <folder>/organizations/Southwest/BagCentral/AdHocViews/02_InboundClaims/ClaimsClosedData_files</folder>
            <name>AgentName_1</name>
            <version>1</version>
            <label>AgentName</label>
            <creationDate>2019-07-02T03:46:24.110Z</creationDate>
            <updateDate>2019-07-02T03:46:24.110Z</updateDate>
            <type>7</type>
            <mandatory>false</mandatory>
            <readOnly>false</readOnly>
            <visible>true</visible>
            <query>
                <localResource exportedWithPermissions="false" xsi:type="query">
                    <folder>/organizations/Southwest/BagCentral/AdHocViews/02_InboundClaims/ClaimsClosedData_files/AgentName_1_files</folder>
                    <name>AgentName_1</name>
                    <version>0</version>
                    <label>AgentName</label>
                    <creationDate>2019-07-02T03:46:24.110Z</creationDate>
                    <updateDate>2019-07-02T03:46:24.110Z</updateDate>
                    <language>domain</language>
                    <queryString>&lt;?xml version="1.0" encoding="UTF-8"?&gt;
&lt;query xmlns="http://www.jaspersoft.com/2007/SL/XMLSchema"&gt;
  &lt;groupList&gt;
    &lt;group columnName="AgentName" /&gt;
  &lt;/groupList&gt;
  &lt;queryFields&gt;
    &lt;queryField id="AgentNumber" resourceId="AgentNumber" /&gt;
    &lt;queryField id="Type" resourceId="Type" /&gt;
    &lt;queryField id="CloseYear" resourceId="CloseYear" /&gt;
    &lt;queryField id="CloseMonth" resourceId="CloseMonth" /&gt;
    &lt;queryField id="CloseDay" resourceId="CloseDay" /&gt;
    &lt;queryField id="AgentName" resourceId="AgentName" /&gt;
    &lt;queryField id="Incident_ID" resourceId="Incident_ID" /&gt;
    &lt;queryField id="CloseDate" resourceId="CloseDate" /&gt;
  &lt;/queryFields&gt;
  &lt;resources&gt;
    &lt;memory id="default"&gt;
      &lt;fieldList&gt;
        &lt;field id="Incident_ID" type="java.lang.String"&gt;
          &lt;propertyMap&gt;
            &lt;entry key="adhoc.expression" /&gt;
          &lt;/propertyMap&gt;
        &lt;/field&gt;
        &lt;field id="Type" type="java.lang.String"&gt;
          &lt;propertyMap&gt;
            &lt;entry key="adhoc.expression" /&gt;
          &lt;/propertyMap&gt;
        &lt;/field&gt;
        &lt;field id="AgentNumber" type="java.lang.String"&gt;
          &lt;propertyMap&gt;
            &lt;entry key="adhoc.expression" /&gt;
          &lt;/propertyMap&gt;
        &lt;/field&gt;
        &lt;field id="AgentName" type="java.lang.String" /&gt;
        &lt;field id="CloseDate" type="java.lang.String"&gt;
          &lt;propertyMap&gt;
            &lt;entry key="adhoc.expression" /&gt;
          &lt;/propertyMap&gt;
        &lt;/field&gt;
        &lt;field id="CloseMonth" type="java.lang.String"&gt;
          &lt;propertyMap&gt;
            &lt;entry key="adhoc.expression" /&gt;
          &lt;/propertyMap&gt;
        &lt;/field&gt;
        &lt;field id="CloseYear" type="java.lang.String"&gt;
          &lt;propertyMap&gt;
            &lt;entry key="adhoc.expression" /&gt;
          &lt;/propertyMap&gt;
        &lt;/field&gt;
        &lt;field id="CloseDay" type="java.lang.String"&gt;
          &lt;propertyMap&gt;
            &lt;entry key="adhoc.expression" /&gt;
          &lt;/propertyMap&gt;
        &lt;/field&gt;
      &lt;/fieldList&gt;
      &lt;sortList&gt;
        &lt;sortColumn columnName="AgentName" /&gt;
      &lt;/sortList&gt;
      &lt;source&gt;
        &lt;jrQueryDataSet datasourceId="WN_DataSource" maxRows="200001" queryLanguage="SQL"&gt;
          &lt;fieldList&gt;
            &lt;field id="Incident_ID" type="java.lang.String"&gt;
              &lt;propertyMap&gt;
                &lt;entry key="aggregateExpression"&gt;
                  &lt;string&gt;CountAll(Incident_ID)&lt;/string&gt;
                &lt;/entry&gt;
                &lt;entry key="adhoc.display"&gt;
                  &lt;string&gt;Incident_ID&lt;/string&gt;
                &lt;/entry&gt;
                &lt;entry key="com.jaspersoft.studio.field.label"&gt;
                  &lt;string&gt;Incident_ID&lt;/string&gt;
                &lt;/entry&gt;
                &lt;entry key="defaultAgg"&gt;
                  &lt;string&gt;CountAll&lt;/string&gt;
                &lt;/entry&gt;
                &lt;entry key="kind"&gt;
                  &lt;string&gt;DIMENSION&lt;/string&gt;
                &lt;/entry&gt;
                &lt;entry key="jr.description" /&gt;
                &lt;entry key="defaultMaskId" /&gt;
                &lt;entry key="defaultMask" /&gt;
                &lt;entry key="com.jaspersoft.studio.field.tree.path"&gt;
                  &lt;string&gt;incident&lt;/string&gt;
                &lt;/entry&gt;
                &lt;entry key="aggregateType"&gt;
                  &lt;string&gt;java.lang.Long&lt;/string&gt;
                &lt;/entry&gt;
              &lt;/propertyMap&gt;
            &lt;/field&gt;
            &lt;field id="Type" type="java.lang.String"&gt;
              &lt;propertyMap&gt;
                &lt;entry key="aggregateExpression"&gt;
                  &lt;string&gt;CountAll(Type)&lt;/string&gt;
                &lt;/entry&gt;
                &lt;entry key="adhoc.display"&gt;
                  &lt;string&gt;Type&lt;/string&gt;
                &lt;/entry&gt;
                &lt;entry key="com.jaspersoft.studio.field.label"&gt;
                  &lt;string&gt;Type&lt;/string&gt;
                &lt;/entry&gt;
                &lt;entry key="defaultAgg"&gt;
                  &lt;string&gt;CountAll&lt;/string&gt;
                &lt;/entry&gt;
                &lt;entry key="kind"&gt;
                  &lt;string&gt;DIMENSION&lt;/string&gt;
                &lt;/entry&gt;
                &lt;entry key="jr.description" /&gt;
                &lt;entry key="defaultMaskId" /&gt;
                &lt;entry key="defaultMask" /&gt;
                &lt;entry key="aggregateType"&gt;
                  &lt;string&gt;java.lang.Long&lt;/string&gt;
                &lt;/entry&gt;
              &lt;/propertyMap&gt;
            &lt;/field&gt;
            &lt;field id="AgentNumber" type="java.lang.String"&gt;
              &lt;propertyMap&gt;
                &lt;entry key="aggregateExpression"&gt;
                  &lt;string&gt;CountAll(AgentNumber)&lt;/string&gt;
                &lt;/entry&gt;
                &lt;entry key="adhoc.display"&gt;
                  &lt;string&gt;AgentNumber&lt;/string&gt;
                &lt;/entry&gt;
                &lt;entry key="com.jaspersoft.studio.field.label"&gt;
                  &lt;string&gt;AgentNumber&lt;/string&gt;
                &lt;/entry&gt;
                &lt;entry key="defaultAgg"&gt;
                  &lt;string&gt;CountAll&lt;/string&gt;
                &lt;/entry&gt;
                &lt;entry key="kind"&gt;
                  &lt;string&gt;DIMENSION&lt;/string&gt;
                &lt;/entry&gt;
                &lt;entry key="jr.description" /&gt;
                &lt;entry key="defaultMaskId" /&gt;
                &lt;entry key="defaultMask" /&gt;
                &lt;entry key="aggregateType"&gt;
                  &lt;string&gt;java.lang.Long&lt;/string&gt;
                &lt;/entry&gt;
              &lt;/propertyMap&gt;
            &lt;/field&gt;
            &lt;field id="AgentName" type="java.lang.String"&gt;
              &lt;propertyMap&gt;
                &lt;entry key="aggregateExpression"&gt;
                  &lt;string&gt;CountAll(AgentName)&lt;/string&gt;
                &lt;/entry&gt;
                &lt;entry key="adhoc.display"&gt;
                  &lt;string&gt;AgentName&lt;/string&gt;
                &lt;/entry&gt;
                &lt;entry key="com.jaspersoft.studio.field.label"&gt;
                  &lt;string&gt;AgentName&lt;/string&gt;
                &lt;/entry&gt;
                &lt;entry key="defaultAgg"&gt;
                  &lt;string&gt;CountAll&lt;/string&gt;
                &lt;/entry&gt;
                &lt;entry key="kind"&gt;
                  &lt;string&gt;DIMENSION&lt;/string&gt;
                &lt;/entry&gt;
                &lt;entry key="jr.description" /&gt;
                &lt;entry key="defaultMaskId" /&gt;
                &lt;entry key="defaultMask" /&gt;
                &lt;entry key="aggregateType"&gt;
                  &lt;string&gt;java.lang.Long&lt;/string&gt;
                &lt;/entry&gt;
              &lt;/propertyMap&gt;
            &lt;/field&gt;
            &lt;field id="CloseDate" type="java.lang.String"&gt;
              &lt;propertyMap&gt;
                &lt;entry key="aggregateExpression"&gt;
                  &lt;string&gt;CountAll(CloseDate)&lt;/string&gt;
                &lt;/entry&gt;
                &lt;entry key="adhoc.display"&gt;
                  &lt;string&gt;CloseDate&lt;/string&gt;
                &lt;/entry&gt;
                &lt;entry key="com.jaspersoft.studio.field.label"&gt;
                  &lt;string&gt;CloseDate&lt;/string&gt;
                &lt;/entry&gt;
                &lt;entry key="defaultAgg"&gt;
                  &lt;string&gt;CountAll&lt;/string&gt;
                &lt;/entry&gt;
                &lt;entry key="kind"&gt;
                  &lt;string&gt;DIMENSION&lt;/string&gt;
                &lt;/entry&gt;
                &lt;entry key="jr.description" /&gt;
                &lt;entry key="defaultMaskId" /&gt;
                &lt;entry key="defaultMask" /&gt;
                &lt;entry key="aggregateType"&gt;
                  &lt;string&gt;java.lang.Long&lt;/string&gt;
                &lt;/entry&gt;
              &lt;/propertyMap&gt;
            &lt;/field&gt;
            &lt;field id="CloseMonth" type="java.lang.String"&gt;
              &lt;propertyMap&gt;
                &lt;entry key="aggregateExpression"&gt;
                  &lt;string&gt;CountAll(CloseMonth)&lt;/string&gt;
                &lt;/entry&gt;
                &lt;entry key="adhoc.display"&gt;
                  &lt;string&gt;CloseMonth&lt;/string&gt;
                &lt;/entry&gt;
                &lt;entry key="com.jaspersoft.studio.field.label"&gt;
                  &lt;string&gt;CloseMonth&lt;/string&gt;
                &lt;/entry&gt;
                &lt;entry key="defaultAgg"&gt;
                  &lt;string&gt;CountAll&lt;/string&gt;
                &lt;/entry&gt;
                &lt;entry key="kind"&gt;
                  &lt;string&gt;DIMENSION&lt;/string&gt;
                &lt;/entry&gt;
                &lt;entry key="jr.description" /&gt;
                &lt;entry key="defaultMaskId" /&gt;
                &lt;entry key="defaultMask" /&gt;
                &lt;entry key="aggregateType"&gt;
                  &lt;string&gt;java.lang.Long&lt;/string&gt;
                &lt;/entry&gt;
              &lt;/propertyMap&gt;
            &lt;/field&gt;
            &lt;field id="CloseYear" type="java.lang.String"&gt;
              &lt;propertyMap&gt;
                &lt;entry key="aggregateExpression"&gt;
                  &lt;string&gt;CountAll(CloseYear)&lt;/string&gt;
                &lt;/entry&gt;
                &lt;entry key="adhoc.display"&gt;
                  &lt;string&gt;CloseYear&lt;/string&gt;
                &lt;/entry&gt;
                &lt;entry key="com.jaspersoft.studio.field.label"&gt;
                  &lt;string&gt;CloseYear&lt;/string&gt;
                &lt;/entry&gt;
                &lt;entry key="defaultAgg"&gt;
                  &lt;string&gt;CountAll&lt;/string&gt;
                &lt;/entry&gt;
                &lt;entry key="kind"&gt;
                  &lt;string&gt;DIMENSION&lt;/string&gt;
                &lt;/entry&gt;
                &lt;entry key="jr.description" /&gt;
                &lt;entry key="defaultMaskId" /&gt;
                &lt;entry key="defaultMask" /&gt;
                &lt;entry key="aggregateType"&gt;
                  &lt;string&gt;java.lang.Long&lt;/string&gt;
                &lt;/entry&gt;
              &lt;/propertyMap&gt;
            &lt;/field&gt;
            &lt;field id="CloseDay" type="java.lang.String"&gt;
              &lt;propertyMap&gt;
                &lt;entry key="aggregateExpression"&gt;
                  &lt;string&gt;CountAll(CloseDay)&lt;/string&gt;
                &lt;/entry&gt;
                &lt;entry key="adhoc.display"&gt;
                  &lt;string&gt;CloseDay&lt;/string&gt;
                &lt;/entry&gt;
                &lt;entry key="com.jaspersoft.studio.field.label"&gt;
                  &lt;string&gt;CloseDay&lt;/string&gt;
                &lt;/entry&gt;
                &lt;entry key="defaultAgg"&gt;
                  &lt;string&gt;CountAll&lt;/string&gt;
                &lt;/entry&gt;
                &lt;entry key="kind"&gt;
                  &lt;string&gt;DIMENSION&lt;/string&gt;
                &lt;/entry&gt;
                &lt;entry key="jr.description" /&gt;
                &lt;entry key="defaultMaskId" /&gt;
                &lt;entry key="defaultMask" /&gt;
                &lt;entry key="aggregateType"&gt;
                  &lt;string&gt;java.lang.Long&lt;/string&gt;
                &lt;/entry&gt;
              &lt;/propertyMap&gt;
            &lt;/field&gt;
          &lt;/fieldList&gt;
          &lt;dsReferenceURI&gt;/adhoc/topics/BagCentral/02_InboundClaims_ClaimClosedData&lt;/dsReferenceURI&gt;
          &lt;query&gt;select i.Incident_ID, 
       (select p.description from itemtype p where p.ItemType_ID = i.itemtype_ID) as Type, 
       (select a.username from agent a where a.Agent_ID = i.agentassigned_ID) as AgentNumber,
       (select a.lastname from agent a where a.Agent_ID = i.agentassigned_ID) as AgentName,
        date_format(i.close_date ,'%c/%d/%Y') as CloseDate, date_format(i.close_date, '%M') as CloseMonth, 
        date_format(i.Close_Date, '%Y') as CloseYear, date_format(i.close_date, '%a') as CloseDay
from incident i
WHERE 
    $X{BETWEEN, date(i.Close_Date), sdate,edate}
    AND i.stationassigned_ID = 6&lt;/query&gt;
        &lt;/jrQueryDataSet&gt;
      &lt;/source&gt;
    &lt;/memory&gt;
  &lt;/resources&gt;
&lt;/query&gt;

</queryString>
                    <dataSource>
                        <uri>/organizations/Southwest/BagCentral/Datasource/WN_DataSource</uri>
                    </dataSource>
                </localResource>
            </query>
            <queryVisibleColumn>AgentName</queryVisibleColumn>
            <queryValueColumn>AgentName</queryValueColumn>
        </localResource>
    </inputControl>
    <inputControl>
        <localResource
            xmlns:xsi="http://www.w3.org/2001/XMLSchema-instance"
            exportedWithPermissions="false" xsi:type="inputControl">
            <folder>/organizations/Southwest/BagCentral/AdHocViews/02_InboundClaims/ClaimsClosedData_files</folder>
            <name>Incident_ID_1</name>
            <version>1</version>
            <label>Incident_ID contains</label>
            <creationDate>2019-07-02T03:46:24.110Z</creationDate>
            <updateDate>2019-07-02T03:46:24.110Z</updateDate>
            <type>2</type>
            <mandatory>false</mandatory>
            <readOnly>false</readOnly>
            <visible>true</visible>
            <dataType>
                <localResource exportedWithPermissions="false" xsi:type="dataType">
                    <folder>/organizations/Southwest/BagCentral/AdHocViews/02_InboundClaims/ClaimsClosedData_files/Incident_ID_1_files</folder>
                    <name>text</name>
                    <version>0</version>
                    <label>Text</label>
                    <creationDate>2019-07-02T03:46:24.110Z</creationDate>
                    <updateDate>2019-07-02T03:46:24.110Z</updateDate>
                    <type>1</type>
                    <strictMin>false</strictMin>
                    <strictMax>false</strictMax>
                </localResource>
            </dataType>
        </localResource>
    </inputControl>
    <resource>
        <localResource
            xmlns:xsi="http://www.w3.org/2001/XMLSchema-instance"
            exportedWithPermissions="false" dataFile="topicJRXML.data" xsi:type="fileResource">
            <folder>/organizations/Southwest/BagCentral/AdHocViews/02_InboundClaims/ClaimsClosedData_files</folder>
            <name>topicJRXML</name>
            <version>1</version>
            <label>topicJRXML</label>
            <creationDate>2019-07-02T03:46:24.110Z</creationDate>
            <updateDate>2019-07-02T03:46:24.110Z</updateDate>
            <fileType>jrxml</fileType>
        </localResource>
    </resource>
    <resource>
        <localResource
            xmlns:xsi="http://www.w3.org/2001/XMLSchema-instance"
            exportedWithPermissions="false" dataFile="stateXML.data" xsi:type="fileResource">
            <folder>/organizations/Southwest/BagCentral/AdHocViews/02_InboundClaims/ClaimsClosedData_files</folder>
            <name>stateXML</name>
            <version>1</version>
            <label>stateXML</label>
            <creationDate>2019-07-02T03:46:24.110Z</creationDate>
            <updateDate>2019-07-02T03:46:24.110Z</updateDate>
            <fileType>xml</fileType>
        </localResource>
    </resource>
    <reports>
        <localResource
            xmlns:xsi="http://www.w3.org/2001/XMLSchema-instance"
            exportedWithPermissions="false" xsi:type="reportUnit">
            <folder>/organizations/Southwest/BagCentral/AdHocViews/02_InboundClaims/ClaimsClosedData_files</folder>
            <name>dashboardReport</name>
            <version>1</version>
            <label>dashboardReport</label>
            <creationDate>2019-07-02T03:46:24.110Z</creationDate>
            <updateDate>2019-07-02T03:46:24.110Z</updateDate>
            <mainReport>
                <localResource exportedWithPermissions="false"
                    dataFile="mainReportJrxml.data" xsi:type="fileResource">
                    <folder>/organizations/Southwest/BagCentral/AdHocViews/02_InboundClaims/ClaimsClosedData_files/dashboardReport_files</folder>
                    <name>mainReportJrxml</name>
                    <version>0</version>
                    <label>mainReportJrxml</label>
                    <creationDate>2019-07-02T03:46:24.110Z</creationDate>
                    <updateDate>2019-07-02T03:46:24.110Z</updateDate>
                    <fileType>jrxml</fileType>
                </localResource>
            </mainReport>
            <resource>
                <localResource exportedWithPermissions="false"
                    dataFile="stateXML.data" xsi:type="fileResource">
                    <folder>/organizations/Southwest/BagCentral/AdHocViews/02_InboundClaims/ClaimsClosedData_files/dashboardReport_files</folder>
                    <name>stateXML</name>
                    <version>0</version>
                    <label>stateXML</label>
                    <creationDate>2019-07-02T03:46:24.110Z</creationDate>
                    <updateDate>2019-07-02T03:46:24.110Z</updateDate>
                    <fileType>xml</fileType>
                </localResource>
            </resource>
            <inputControlRenderingView></inputControlRenderingView>
            <alwaysPromptControls>true</alwaysPromptControls>
            <controlsLayout>1</controlsLayout>
        </localResource>
    </reports>
    <inputControlRenderingView></inputControlRenderingView>
    <alwaysPromptControls>true</alwaysPromptControls>
    <controlsLayout>1</controlsLayout>
</adhocDataView>
