<?xml version="1.0" encoding="UTF-8"?>
<folder exportedWithPermissions="true">
    <parent>/organizations/Southwest/BagCentral/AdHocViews</parent>
    <name>03_BC_UsersUnacknowledgedTasks</name>
    <label>03_BC_UsersUnacknowledgedTasks</label>
    <description></description>
    <creationDate>2019-01-08T00:59:49.492Z</creationDate>
    <updateDate>2019-01-08T00:59:49.492Z</updateDate>
    <resource>TasksData</resource>
    <resource>TasksSummaryByCodes</resource>
    <resource>TaskSummaryByFirstName</resource>
    <resource>TaskSummaryByStatus</resource>
    <resource>TaskSummaryByType</resource>
    <resource>UnAckTaskSummary</resource>
</folder>
