<?xml version="1.0" encoding="UTF-8"?>
<semanticLayerDataSource exportedWithPermissions="true">
    <folder>/organizations/Southwest</folder>
    <name>Customer_Incidents</name>
    <version>7</version>
    <label>Customer Incidents</label>
    <description>Incidents/Expenses and associated files</description>
    <creationDate>2018-11-05T23:00:42.633Z</creationDate>
    <updateDate>2019-02-19T20:10:18.886Z</updateDate>
    <schema>
        <localResource
            xmlns:xsi="http://www.w3.org/2001/XMLSchema-instance"
            exportedWithPermissions="false" dataFile="schema.data" xsi:type="fileResource">
            <folder>/organizations/Southwest/Customer_Incidents_files</folder>
            <name>schema</name>
            <version>1</version>
            <label>schema</label>
            <description>schema</description>
            <creationDate>2019-02-19T20:10:18.886Z</creationDate>
            <updateDate>2019-02-19T20:10:18.886Z</updateDate>
            <fileType>xml</fileType>
        </localResource>
    </schema>
    <dataSource>
        <alias>SWA_NetTracer_DB</alias>
        <dataSourceReference>
            <uri>/organizations/Southwest/SWA_NetTracer_DB</uri>
        </dataSourceReference>
    </dataSource>
</semanticLayerDataSource>
