<?xml version="1.0" encoding="UTF-8"?>
<contentResource exportedWithPermissions="true" dataFile="Inbound_Claims_by_Type_Report.pdf">
    <folder>/organizations/Southwest</folder>
    <name>Inbound_Claims_by_Type_Report.pdf</name>
    <version>0</version>
    <label>Inbound_Claims_by_Type_Report.pdf</label>
    <description>test</description>
    <creationDate>2019-03-20T04:00:12.805Z</creationDate>
    <updateDate>2019-03-20T04:00:12.805Z</updateDate>
    <fileType>pdf</fileType>
</contentResource>
