<?xml version="1.0" encoding="UTF-8"?>
<semanticLayerDataSource exportedWithPermissions="true">
    <folder>/organizations/Southwest</folder>
    <name>Incident_Activity</name>
    <version>2</version>
    <label>Incident Activity</label>
    <description></description>
    <creationDate>2019-02-28T19:16:35.427Z</creationDate>
    <updateDate>2019-02-28T21:13:23.770Z</updateDate>
    <schema>
        <localResource
            xmlns:xsi="http://www.w3.org/2001/XMLSchema-instance"
            exportedWithPermissions="false" dataFile="schema.data" xsi:type="fileResource">
            <folder>/organizations/Southwest/Incident_Activity_files</folder>
            <name>schema</name>
            <version>1</version>
            <label>schema</label>
            <description>schema</description>
            <creationDate>2019-02-28T21:13:23.770Z</creationDate>
            <updateDate>2019-02-28T21:13:23.770Z</updateDate>
            <fileType>xml</fileType>
        </localResource>
    </schema>
    <dataSource>
        <alias>SWA_NetTracer_DB</alias>
        <dataSourceReference>
            <uri>/organizations/Southwest/SWA_NetTracer_DB</uri>
        </dataSourceReference>
    </dataSource>
</semanticLayerDataSource>
