<?xml version="1.0" encoding="UTF-8"?>
<jdbcDataSource exportedWithPermissions="true">
    <folder>/organizations/Southwest</folder>
    <name>SWA_NetTracer_DB</name>
    <version>0</version>
    <label>SWA NetTracer DB</label>
    <creationDate>2018-07-20T18:01:37.758Z</creationDate>
    <updateDate>2018-07-20T18:01:37.758Z</updateDate>
    <driver>org.mariadb.jdbc.Driver</driver>
    <connectionUrl>jdbc:mysql://172.30.6.74:3306/wn_production?tinyInt1isBit=false</connectionUrl>
    <connectionUser>ntwn_user</connectionUser>
    <connectionPassword>ENC&lt;C95237E1456CC172F787EEE291D161C8&gt;</connectionPassword>
    <timezone></timezone>
</jdbcDataSource>
