<?xml version="1.0" encoding="UTF-8"?>
<semanticLayerDataSource exportedWithPermissions="true">
    <folder>/organizations/Southwest</folder>
    <name>V1ACAA_Expenses</name>
    <version>27</version>
    <label>ACAA</label>
    <description></description>
    <creationDate>2019-02-05T20:50:03.052Z</creationDate>
    <updateDate>2019-05-02T20:22:15.375Z</updateDate>
    <schema>
        <localResource
            xmlns:xsi="http://www.w3.org/2001/XMLSchema-instance"
            exportedWithPermissions="false" dataFile="schema.data" xsi:type="fileResource">
            <folder>/organizations/Southwest/V1ACAA_Expenses_files</folder>
            <name>schema</name>
            <version>1</version>
            <label>schema</label>
            <description>schema</description>
            <creationDate>2019-05-02T20:21:34.263Z</creationDate>
            <updateDate>2019-05-02T20:21:34.263Z</updateDate>
            <fileType>xml</fileType>
        </localResource>
    </schema>
    <dataSource>
        <alias>SWA_NetTracer_DB</alias>
        <dataSourceReference>
            <uri>/organizations/Southwest/BagCentral/Datasource/WN_DataSource</uri>
        </dataSourceReference>
    </dataSource>
</semanticLayerDataSource>
