<?xml version="1.0" encoding="UTF-8"?>
<reportJob>
    <jobId>444557</jobId>
    <version>2</version>
    <username>rlehr|Southwest</username>
    <label>Monthly Incidents and Payouts Report</label>
    <description>For Colin Beales</description>
    <trigger xmlns:xsi="http://www.w3.org/2001/XMLSchema-instance" xsi:type="reportJobCalendarTrigger">
        <triggerId>453634</triggerId>
        <version>0</version>
        <timezone>America/Chicago</timezone>
        <startType>1</startType>
        <misfireInstruction>0</misfireInstruction>
        <minutes>0</minutes>
        <hours>5</hours>
        <daysType>3</daysType>
        <monthDays>10</monthDays>
        <months>1,2,3,4,5,6,7,8,9,10,11,12</months>
    </trigger>
    <source>
        <reportUnitURI>/organizations/Southwest/CBS/Incidents_and_Payouts_Report__Scheduled_</reportUnitURI>
        <parameter>
            <key xmlns:xsi="http://www.w3.org/2001/XMLSchema-instance"
                xmlns:java="http://java.sun.com" xsi:type="java:java.lang.String">Incident_Date_1</key>
            <value xmlns:xsi="http://www.w3.org/2001/XMLSchema-instance"
                xmlns:java="http://java.sun.com" xsi:type="java:com.jaspersoft.jasperserver.export.modules.common.rd.DateRangeDTO">
                <value-class>java.util.Date</value-class>
                <expression>MONTH-1</expression>
            </value>
            <valueType>single</valueType>
        </parameter>
        <parameter>
            <key xmlns:xsi="http://www.w3.org/2001/XMLSchema-instance"
                xmlns:java="http://java.sun.com" xsi:type="java:java.lang.String">REPORT_TIME_ZONE</key>
            <value xmlns:xsi="http://www.w3.org/2001/XMLSchema-instance"
                xmlns:java="http://java.sun.com" dirty="true"
                DSTSavings="3600000" raw-offset="-21600000" xsi:type="java:sun.util.calendar.ZoneInfo">
                <ID>America/Chicago</ID>
                <display-name>Central Standard Time</display-name>
            </value>
            <valueType>single</valueType>
        </parameter>
    </source>
    <baseOutputFilename>Incidents_and_Payouts_Report_Scheduled</baseOutputFilename>
    <outputFormat>11</outputFormat>
    <contentRepositoryDestination>
        <id>444554</id>
        <version>2</version>
        <folderURI>/organizations/Southwest/CBS</folderURI>
        <sequentialFilenames>false</sequentialFilenames>
        <overwriteFiles>true</overwriteFiles>
        <saveToRepository>true</saveToRepository>
        <usingDefaultReportOutputFolderURI>false</usingDefaultReportOutputFolderURI>
        <outputFTPInfo>
            <userName>anonymous</userName>
            <password>ENC&lt;441EF90FB19BE5C3E4B322E91A8E89B5&gt;</password>
            <propertiesMapKeys>PORT_PROPERTY</propertiesMapKeys>
            <propertiesMapKeys>FTP_TYPE_PROPERTY</propertiesMapKeys>
            <propertiesMapValues>21</propertiesMapValues>
            <propertiesMapValues>TYPE_FTP</propertiesMapValues>
        </outputFTPInfo>
    </contentRepositoryDestination>
    <mailNotification>
        <id>444555</id>
        <version>2</version>
        <toAddress>colin.beales@wnco.com</toAddress>
        <ccAddress>bob.lehr@wnco.com</ccAddress>
        <subject>Ground Ops Monthly Incidents and Payouts Report</subject>
        <messageText>Report 2 of 2</messageText>
        <resultSendType>2</resultSendType>
        <skipEmptyReports>false</skipEmptyReports>
        <includingStackTraceWhenJobFails>false</includingStackTraceWhenJobFails>
        <skipNotificationWhenJobFails>false</skipNotificationWhenJobFails>
    </mailNotification>
    <alert>
        <id>0</id>
        <version>-1</version>
        <recipient>3</recipient>
        <toAddresses>bob.lehr@wnco.com</toAddresses>
        <jobState>2</jobState>
        <subject>Error with scheduled report!!!!!!!!!!!!!!!!!!!!!!!!!!!!</subject>
        <messageText></messageText>
        <messageTextWhenJobFails>Incidents and Payouts report</messageTextWhenJobFails>
        <includingStackTrace>false</includingStackTrace>
        <includingReportJobInfo>false</includingReportJobInfo>
    </alert>
    <creationDate xmlns:xsi="http://www.w3.org/2001/XMLSchema-instance"
        xmlns:java="http://java.sun.com" xsi:type="java:java.lang.String">2019-06-08 18:41:04.696</creationDate>
    <paused>false</paused>
</reportJob>
