<?xml version="1.0" encoding="UTF-8"?>
<jdbcDataSource exportedWithPermissions="true">
    <folder>/organizations/Southwest/BagCentral/Datasource</folder>
    <name>WN_DataSource</name>
    <version>3</version>
    <label>WN_DataSource</label>
    <description>Southwest Database</description>
    <creationDate>2018-12-13T02:59:20.444Z</creationDate>
    <updateDate>2019-01-07T00:19:44.681Z</updateDate>
    <driver>org.mariadb.jdbc.Driver</driver>
    <connectionUrl>jdbc:mysql://{attribute('dbhostname','Tenant')}:{attribute('dbport','Tenant')}/{attribute('dbname','Tenant')}?tinyInt1isBit=false</connectionUrl>
    <connectionUser>{attribute('dbusername','Tenant')}</connectionUser>
    <connectionPassword>ENC&lt;F23316C72321333B12068C240F49216B969578FC40820570CDBD7BDF79A85D6FF7AFB53FF52A0F3E21124E401145529C&gt;</connectionPassword>
    <timezone></timezone>
</jdbcDataSource>
