<?xml version="1.0" encoding="UTF-8"?>
<reportJob>
    <jobId>453622</jobId>
    <version>0</version>
    <username>rlehr|Southwest</username>
    <label>Weekly Inbound Claims</label>
    <description>Information for weekly update</description>
    <trigger xmlns:xsi="http://www.w3.org/2001/XMLSchema-instance" xsi:type="reportJobCalendarTrigger">
        <triggerId>453619</triggerId>
        <version>0</version>
        <timezone>America/Chicago</timezone>
        <startType>1</startType>
        <misfireInstruction>0</misfireInstruction>
        <minutes>0</minutes>
        <hours>5</hours>
        <daysType>2</daysType>
        <weekDays>2</weekDays>
        <monthDays></monthDays>
        <months>1,2,3,4,5,6,7,8,9,10,11,12</months>
    </trigger>
    <source>
        <reportUnitURI>/organizations/Southwest/CBS/Inbound_Claims_by_Type_-_This_Year_vs._Last_Year_Report</reportUnitURI>
        <parameter>
            <key xmlns:xsi="http://www.w3.org/2001/XMLSchema-instance"
                xmlns:java="http://java.sun.com" xsi:type="java:java.lang.String">REPORT_TIME_ZONE</key>
            <value xmlns:xsi="http://www.w3.org/2001/XMLSchema-instance"
                xmlns:java="http://java.sun.com" dirty="true"
                DSTSavings="0" raw-offset="0" xsi:type="java:sun.util.calendar.ZoneInfo">
                <ID>UTC</ID>
                <display-name>Coordinated Universal Time</display-name>
            </value>
            <valueType>single</valueType>
        </parameter>
    </source>
    <baseOutputFilename>Inbound_Claims_by_Type_This_Year_vs._Last_Year_Report</baseOutputFilename>
    <outputFormat>1</outputFormat>
    <contentRepositoryDestination>
        <id>453620</id>
        <version>0</version>
        <folderURI>/organizations/Southwest/CBS</folderURI>
        <sequentialFilenames>false</sequentialFilenames>
        <overwriteFiles>true</overwriteFiles>
        <outputDescription>For Weekly Update</outputDescription>
        <saveToRepository>true</saveToRepository>
        <usingDefaultReportOutputFolderURI>false</usingDefaultReportOutputFolderURI>
        <outputFTPInfo>
            <userName>anonymous</userName>
            <password>ENC&lt;441EF90FB19BE5C3E4B322E91A8E89B5&gt;</password>
            <propertiesMapKeys>PORT_PROPERTY</propertiesMapKeys>
            <propertiesMapKeys>FTP_TYPE_PROPERTY</propertiesMapKeys>
            <propertiesMapValues>21</propertiesMapValues>
            <propertiesMapValues>TYPE_FTP</propertiesMapValues>
        </outputFTPInfo>
    </contentRepositoryDestination>
    <mailNotification>
        <id>453621</id>
        <version>0</version>
        <toAddress>bob.lehr@wnco.com</toAddress>
        <toAddress>craig.derrick@wnco.com</toAddress>
        <subject>Weekly YTD Inbound Claims Report</subject>
        <messageText>Use these numbers for the weekly update</messageText>
        <resultSendType>2</resultSendType>
        <skipEmptyReports>false</skipEmptyReports>
        <includingStackTraceWhenJobFails>false</includingStackTraceWhenJobFails>
        <skipNotificationWhenJobFails>false</skipNotificationWhenJobFails>
    </mailNotification>
    <creationDate xmlns:xsi="http://www.w3.org/2001/XMLSchema-instance"
        xmlns:java="http://java.sun.com" xsi:type="java:java.lang.String">2019-06-20 21:40:23.082</creationDate>
    <paused>false</paused>
</reportJob>
